"id","registered_date"
C996508L,"2021-07-10"
C180415L,"2021-07-18"
C535451L,"2021-07-23"
C177843L,"2021-07-12"
C951682L,"2021-07-27"
C483469L,"2021-07-26"
C346553L,"2021-07-11"
C631361L,"2021-07-15"
C534453L,"2021-07-18"
C404192L,"2021-07-06"
C720927L,"2021-07-17"
C525405L,"2021-07-24"
C614407L,"2021-07-02"
C955726L,"2021-07-23"
C818990L,"2021-07-05"
C143684L,"2021-07-05"
C665132L,"2021-07-27"
C946451L,"2021-07-18"
C113061L,"2021-07-20"
C663962L,"2021-07-13"
C481253L,"2021-07-26"
C200313L,"2021-07-17"
C182986L,"2021-07-04"
C796422L,"2021-07-21"
C333743L,"2021-07-07"
C972737L,"2021-07-21"
C427154L,"2021-07-18"
C676393L,"2021-07-27"
C746973L,"2021-07-11"
C958287L,"2021-07-15"
C815092L,"2021-07-08"
C658145L,"2021-07-13"
C603530L,"2021-07-28"
C856161L,"2021-07-14"
C784668L,"2021-07-26"
C239306L,"2021-07-21"
C154828L,"2021-07-12"
C678257L,"2021-07-23"
C673184L,"2021-07-01"
C225415L,"2021-07-04"
C189009L,"2021-07-02"
C275787L,"2021-07-27"
C618088L,"2021-07-02"
C912653L,"2021-07-25"
C139855L,"2021-07-09"
C292887L,"2021-07-03"
C441893L,"2021-07-07"
C935666L,"2021-07-07"
C792410L,"2021-07-09"
C454551L,"2021-07-11"
C788509L,"2021-07-20"
C117972L,"2021-07-08"
C229632L,"2021-07-07"
C374672L,"2021-07-17"
C271894L,"2021-07-22"
C149325L,"2021-07-06"
C713589L,"2021-07-07"
C127476L,"2021-07-05"
C292536L,"2021-07-09"
C780896L,"2021-07-21"
C315981L,"2021-07-19"
C245955L,"2021-07-23"
C630314L,"2021-07-01"
C864005L,"2021-07-25"
C876097L,"2021-07-12"
C136681L,"2021-07-24"
C893754L,"2021-07-03"
C378684L,"2021-07-03"
C814229L,"2021-07-13"
C885078L,"2021-07-25"
C684857L,"2021-07-01"
C602010L,"2021-07-21"
C894196L,"2021-07-28"
C944883L,"2021-07-01"
C840399L,"2021-07-02"
C505515L,"2021-07-28"
C941362L,"2021-07-27"
C704506L,"2021-07-05"
C648398L,"2021-07-08"
C854145L,"2021-07-19"
C232383L,"2021-07-04"
C396025L,"2021-07-06"
C845064L,"2021-07-16"
C164534L,"2021-07-06"
C149387L,"2021-07-21"
C860675L,"2021-07-16"
C545162L,"2021-07-19"
C670792L,"2021-07-21"
C120887L,"2021-07-01"
C514643L,"2021-07-25"
C559662L,"2021-07-23"
C363500L,"2021-07-25"
C379974L,"2021-07-20"
C288932L,"2021-07-16"
C247150L,"2021-07-05"
C492817L,"2021-07-23"
C520373L,"2021-07-17"
C245825L,"2021-07-18"
C399241L,"2021-07-18"
C619471L,"2021-07-02"
C813303L,"2021-07-14"
C975828L,"2021-07-17"
C948868L,"2021-07-27"
C784378L,"2021-07-09"
C606496L,"2021-07-10"
C654035L,"2021-07-08"
C711255L,"2021-07-09"
C755600L,"2021-07-06"
C283375L,"2021-07-22"
C931442L,"2021-07-28"
C708473L,"2021-07-02"
C191651L,"2021-07-13"
C962381L,"2021-07-14"
C831560L,"2021-07-06"
C512231L,"2021-07-23"
C770029L,"2021-07-16"
C834363L,"2021-07-11"
C573345L,"2021-07-14"
C961131L,"2021-07-23"
C927076L,"2021-07-07"
C455788L,"2021-07-12"
C914093L,"2021-07-04"
C771769L,"2021-07-26"
C231044L,"2021-07-28"
C745817L,"2021-07-08"
C139201L,"2021-07-18"
C665048L,"2021-07-03"
C886734L,"2021-07-10"
C494942L,"2021-07-17"
C569932L,"2021-07-04"
C583837L,"2021-07-24"
C814804L,"2021-07-24"
C375629L,"2021-07-07"
C888201L,"2021-07-06"
C286894L,"2021-07-07"
C379178L,"2021-07-12"
C507554L,"2021-07-10"
C980063L,"2021-07-04"
C578500L,"2021-07-21"
C886127L,"2021-07-04"
C757984L,"2021-07-05"
C272030L,"2021-07-22"
C205701L,"2021-07-02"
C984840L,"2021-07-21"
C875194L,"2021-07-21"
C466172L,"2021-07-28"
C250770L,"2021-07-11"
C681410L,"2021-07-08"
C282791L,"2021-07-14"
C884211L,"2021-07-14"
C756271L,"2021-07-04"
C819822L,"2021-07-09"
C241117L,"2021-07-07"
C131307L,"2021-07-09"
C315116L,"2021-07-10"
C348900L,"2021-07-07"
C341639L,"2021-07-12"
C337654L,"2021-07-19"
C390206L,"2021-07-13"
C365675L,"2021-07-15"
C576889L,"2021-07-04"
C255724L,"2021-07-09"
C990203L,"2021-07-13"
C283300L,"2021-07-11"
C496729L,"2021-07-04"
C247284L,"2021-07-25"
C417156L,"2021-07-07"
C192625L,"2021-07-27"
C407885L,"2021-07-24"
C144323L,"2021-07-11"
C777246L,"2021-07-27"
C326720L,"2021-07-08"
C218142L,"2021-07-23"
C525088L,"2021-07-25"
C427092L,"2021-07-06"
C468561L,"2021-07-14"
C925474L,"2021-07-22"
C987239L,"2021-07-22"
C649500L,"2021-07-12"
C508926L,"2021-07-20"
C931525L,"2021-07-13"
C566303L,"2021-07-12"
C325445L,"2021-07-09"
C759934L,"2021-07-06"
C725184L,"2021-07-19"
C230896L,"2021-07-03"
C454739L,"2021-07-27"
C156505L,"2021-07-28"
C555803L,"2021-07-05"
C989030L,"2021-07-06"
C176792L,"2021-07-01"
C571966L,"2021-07-08"
C188809L,"2021-07-12"
C492850L,"2021-07-09"
C543327L,"2021-07-13"
C845035L,"2021-07-11"
C602518L,"2021-07-01"
C283866L,"2021-07-18"
C890419L,"2021-07-01"
C223672L,"2021-07-14"
C436261L,"2021-07-25"
C560271L,"2021-07-06"
C441237L,"2021-07-19"
C999472L,"2021-07-20"
C550021L,"2021-07-11"
C981219L,"2021-07-25"
C488097L,"2021-07-13"
C465391L,"2021-07-28"
C162721L,"2021-07-26"
C908967L,"2021-07-23"
C372757L,"2021-07-28"
C741634L,"2021-07-09"
C219599L,"2021-07-09"
C411467L,"2021-07-01"
C837860L,"2021-07-10"
C167007L,"2021-07-26"
C485693L,"2021-07-02"
C508080L,"2021-07-15"
C544247L,"2021-07-16"
C166968L,"2021-07-26"
C745016L,"2021-07-23"
C461208L,"2021-07-23"
C412410L,"2021-07-28"
C503615L,"2021-07-15"
C907593L,"2021-07-06"
C126124L,"2021-07-04"
C993393L,"2021-07-28"
C315052L,"2021-07-13"
C538863L,"2021-07-14"
C445034L,"2021-07-18"
C969315L,"2021-07-09"
C493986L,"2021-07-26"
C950055L,"2021-07-08"
C279695L,"2021-07-24"
C605755L,"2021-07-24"
C947564L,"2021-07-26"
C851854L,"2021-07-01"
C631900L,"2021-07-23"
C241017L,"2021-07-28"
C386328L,"2021-07-24"
C218616L,"2021-07-19"
C194185L,"2021-07-28"
C729816L,"2021-07-21"
C857803L,"2021-07-15"
C731475L,"2021-07-15"
C610697L,"2021-07-01"
C269965L,"2021-07-09"
C894919L,"2021-07-23"
C796103L,"2021-07-09"
C919212L,"2021-07-24"
C189483L,"2021-07-22"
C840180L,"2021-07-27"
C835137L,"2021-07-22"
C249867L,"2021-07-04"
C938243L,"2021-07-17"
C734921L,"2021-07-20"
C345763L,"2021-07-21"
C952778L,"2021-07-15"
C848357L,"2021-07-02"
C932085L,"2021-07-06"
C200115L,"2021-07-12"
C933620L,"2021-07-16"
C194353L,"2021-07-15"
C225630L,"2021-07-16"
C850822L,"2021-07-09"
C698097L,"2021-07-15"
C809308L,"2021-07-02"
C682296L,"2021-07-09"
C173821L,"2021-07-16"
C782053L,"2021-07-20"
C772704L,"2021-07-18"
C503253L,"2021-07-22"
C121106L,"2021-07-04"
C545190L,"2021-07-26"
C352487L,"2021-07-24"
C348049L,"2021-07-13"
C234773L,"2021-07-06"
C182629L,"2021-07-24"
C725478L,"2021-07-19"
C484957L,"2021-07-28"
C685669L,"2021-07-24"
C393928L,"2021-07-18"
C342826L,"2021-07-20"
C182031L,"2021-07-13"
C925922L,"2021-07-23"
C145737L,"2021-07-08"
C263996L,"2021-07-13"
C276338L,"2021-07-06"
C896308L,"2021-07-20"
C434444L,"2021-07-13"
C411331L,"2021-07-19"
C807877L,"2021-07-14"
C442998L,"2021-07-15"
C426012L,"2021-07-16"
C529016L,"2021-07-24"
C484667L,"2021-07-14"
C127471L,"2021-07-14"
C770151L,"2021-07-25"
C934120L,"2021-07-04"
C727457L,"2021-07-28"
C425987L,"2021-07-19"
C840567L,"2021-07-01"
C830897L,"2021-07-12"
C342440L,"2021-07-24"
C433743L,"2021-07-01"
C158367L,"2021-07-16"
C535814L,"2021-07-21"
C485919L,"2021-07-19"
C694973L,"2021-07-05"
C593821L,"2021-07-06"
C621883L,"2021-07-02"
C358924L,"2021-07-15"
C916649L,"2021-07-16"
C592423L,"2021-07-18"
C990599L,"2021-07-13"
C506034L,"2021-07-17"
C831683L,"2021-07-03"
C551504L,"2021-07-24"
C602850L,"2021-07-03"
C716182L,"2021-07-26"
C411792L,"2021-07-02"
C908342L,"2021-07-07"
C953171L,"2021-07-18"
C238436L,"2021-07-22"
C631869L,"2021-07-07"
C880793L,"2021-07-25"
C819478L,"2021-07-21"
C823189L,"2021-07-16"
C700972L,"2021-07-24"
C491259L,"2021-07-06"
C188782L,"2021-07-20"
C399101L,"2021-07-14"
C971900L,"2021-07-22"
C371659L,"2021-07-23"
C412936L,"2021-07-16"
C390715L,"2021-07-18"
C282625L,"2021-07-09"
C970117L,"2021-07-22"
C717221L,"2021-07-13"
C448320L,"2021-07-20"
C196051L,"2021-07-28"
C345434L,"2021-07-07"
C607251L,"2021-07-27"
C895286L,"2021-07-16"
C922875L,"2021-07-27"
C469190L,"2021-07-21"
C846375L,"2021-07-26"
C636191L,"2021-07-09"
C898232L,"2021-07-05"
C713301L,"2021-07-26"
C796218L,"2021-07-13"
C154874L,"2021-07-21"
C622053L,"2021-07-09"
C727528L,"2021-07-16"
C196720L,"2021-07-23"
C323746L,"2021-07-19"
C765490L,"2021-07-09"
C140984L,"2021-07-13"
C129011L,"2021-07-08"
C624730L,"2021-07-13"
C729143L,"2021-07-18"
C465805L,"2021-07-15"
C826816L,"2021-07-11"
C170103L,"2021-07-03"
C722375L,"2021-07-02"
C867333L,"2021-07-17"
C704215L,"2021-07-06"
C382868L,"2021-07-07"
C509164L,"2021-07-15"
C584166L,"2021-07-11"
C226151L,"2021-07-04"
C734229L,"2021-07-25"
C748073L,"2021-07-05"
C941200L,"2021-07-12"
C860324L,"2021-07-08"
C976890L,"2021-07-22"
C684531L,"2021-07-10"
C825216L,"2021-07-10"
C241190L,"2021-07-27"
C682102L,"2021-07-25"
C913321L,"2021-07-09"
C199121L,"2021-07-28"
C344343L,"2021-07-26"
C219387L,"2021-07-05"
C673068L,"2021-07-02"
C732052L,"2021-07-16"
C177534L,"2021-07-10"
C616892L,"2021-07-19"
C639455L,"2021-07-28"
C532629L,"2021-07-08"
C986837L,"2021-07-17"
C243200L,"2021-07-21"
C198663L,"2021-07-04"
C179018L,"2021-07-14"
C633382L,"2021-07-13"
C481062L,"2021-07-12"
C506825L,"2021-07-10"
C849740L,"2021-07-20"
C364214L,"2021-07-20"
C333323L,"2021-07-11"
C810023L,"2021-07-19"
C894815L,"2021-07-11"
C375595L,"2021-07-15"
C729877L,"2021-07-27"
C887845L,"2021-07-06"
C343951L,"2021-07-25"
C450527L,"2021-07-25"
C656022L,"2021-07-04"
C873525L,"2021-07-13"
C627638L,"2021-07-02"
C333086L,"2021-07-23"
C546651L,"2021-07-07"
C736830L,"2021-07-21"
C404036L,"2021-07-17"
C652399L,"2021-07-19"
C409316L,"2021-07-21"
C112551L,"2021-07-12"
C180913L,"2021-07-20"
C122490L,"2021-07-25"
C384466L,"2021-07-20"
C740457L,"2021-07-11"
C865004L,"2021-07-11"
C982253L,"2021-07-13"
C652456L,"2021-07-04"
C948816L,"2021-07-26"
C685143L,"2021-07-03"
C814447L,"2021-07-09"
C986224L,"2021-07-01"
C573424L,"2021-07-16"
C822834L,"2021-07-10"
C190091L,"2021-07-14"
C805823L,"2021-07-16"
C695592L,"2021-07-13"
C183650L,"2021-07-16"
C886572L,"2021-07-09"
C520677L,"2021-07-27"
C720917L,"2021-07-06"
C351295L,"2021-07-04"
C367985L,"2021-07-13"
C499591L,"2021-07-04"
C901850L,"2021-07-17"
C848613L,"2021-07-07"
C271531L,"2021-07-03"
C658358L,"2021-07-10"
C194988L,"2021-07-07"
C439232L,"2021-07-10"
C657286L,"2021-07-22"
C469250L,"2021-07-03"
C940999L,"2021-07-19"
C153475L,"2021-07-09"
C690140L,"2021-07-25"
C746995L,"2021-07-25"
C245614L,"2021-07-21"
C375534L,"2021-07-01"
C688551L,"2021-07-01"
C659113L,"2021-07-15"
C349980L,"2021-07-02"
C833878L,"2021-07-02"
C132219L,"2021-07-11"
C913444L,"2021-07-15"
C429168L,"2021-07-21"
C896007L,"2021-07-01"
C191766L,"2021-07-05"
C551264L,"2021-07-26"
C389017L,"2021-07-06"
C899192L,"2021-07-13"
C756954L,"2021-07-24"
C605426L,"2021-07-11"
C429196L,"2021-07-16"
C754495L,"2021-07-11"
C589584L,"2021-07-14"
C995967L,"2021-07-24"
C361840L,"2021-07-02"
C304965L,"2021-07-13"
C541943L,"2021-07-21"
C566270L,"2021-07-21"
C585651L,"2021-07-23"
C204382L,"2021-07-28"
C407736L,"2021-07-08"
C872595L,"2021-07-05"
C163482L,"2021-07-04"
C441526L,"2021-07-23"
C749562L,"2021-07-25"
C849967L,"2021-07-02"
C477686L,"2021-07-09"
C421614L,"2021-07-09"
C822743L,"2021-07-26"
C469738L,"2021-07-14"
C349501L,"2021-07-02"
C613601L,"2021-07-02"
C684985L,"2021-07-07"
C579794L,"2021-07-07"
C853853L,"2021-07-10"
C900833L,"2021-07-02"
C235968L,"2021-07-02"
C812780L,"2021-07-24"
C400506L,"2021-07-06"
C520362L,"2021-07-27"
C464050L,"2021-07-25"
C880398L,"2021-07-13"
C899386L,"2021-07-25"
C648114L,"2021-07-09"
C507403L,"2021-07-22"
C405771L,"2021-07-06"
C332716L,"2021-07-13"
C485577L,"2021-07-25"
C845303L,"2021-07-15"
C143717L,"2021-07-17"
C945996L,"2021-07-26"
C762859L,"2021-07-03"
C682748L,"2021-07-06"
C274718L,"2021-07-17"
C743360L,"2021-07-23"
C844320L,"2021-07-27"
C417848L,"2021-07-08"
C160960L,"2021-07-11"
C691738L,"2021-07-05"
C875810L,"2021-07-19"
C817593L,"2021-07-09"
C227974L,"2021-07-08"
C421043L,"2021-07-05"
C248469L,"2021-07-20"
C649461L,"2021-07-21"
C216698L,"2021-07-01"
C760428L,"2021-07-19"
C668686L,"2021-08-16"
C401196L,"2021-08-13"
C201592L,"2021-08-05"
C869500L,"2021-08-11"
C222107L,"2021-08-26"
C219918L,"2021-08-16"
C220967L,"2021-08-03"
C908694L,"2021-08-10"
C437156L,"2021-08-22"
C232406L,"2021-08-01"
C843783L,"2021-08-04"
C142496L,"2021-08-21"
C940442L,"2021-08-03"
C180533L,"2021-08-23"
C813614L,"2021-08-15"
C521190L,"2021-08-07"
C777089L,"2021-08-01"
C743645L,"2021-08-18"
C738488L,"2021-08-28"
C262890L,"2021-08-07"
C164613L,"2021-08-03"
C167391L,"2021-08-03"
C171592L,"2021-08-07"
C596805L,"2021-08-15"
C752800L,"2021-08-03"
C355284L,"2021-08-24"
C394264L,"2021-08-06"
C319891L,"2021-08-28"
C580092L,"2021-08-06"
C425949L,"2021-08-08"
C246499L,"2021-08-24"
C685632L,"2021-08-20"
C515631L,"2021-08-05"
C861468L,"2021-08-19"
C783306L,"2021-08-10"
C857375L,"2021-08-05"
C287848L,"2021-08-27"
C240581L,"2021-08-27"
C726270L,"2021-08-06"
C688797L,"2021-08-12"
C902527L,"2021-08-27"
C662822L,"2021-08-24"
C359839L,"2021-08-16"
C781213L,"2021-08-23"
C405083L,"2021-08-16"
C125658L,"2021-08-11"
C263779L,"2021-08-18"
C951342L,"2021-08-16"
C501413L,"2021-08-23"
C555783L,"2021-08-27"
C351708L,"2021-08-15"
C823301L,"2021-08-08"
C433401L,"2021-08-22"
C239715L,"2021-08-13"
C863279L,"2021-08-03"
C555245L,"2021-08-06"
C995963L,"2021-08-01"
C211907L,"2021-08-08"
C981765L,"2021-08-28"
C360252L,"2021-08-11"
C835246L,"2021-08-22"
C476508L,"2021-08-19"
C200501L,"2021-08-14"
C820997L,"2021-08-17"
C551004L,"2021-08-03"
C849387L,"2021-08-10"
C339434L,"2021-08-14"
C485098L,"2021-08-02"
C221318L,"2021-08-01"
C811261L,"2021-08-26"
C553033L,"2021-08-23"
C833467L,"2021-08-22"
C986233L,"2021-08-14"
C554530L,"2021-08-02"
C509602L,"2021-08-25"
C813844L,"2021-08-05"
C423535L,"2021-08-28"
C352292L,"2021-08-11"
C646010L,"2021-08-06"
C567924L,"2021-08-09"
C662094L,"2021-08-16"
C435225L,"2021-08-13"
C527232L,"2021-08-13"
C761639L,"2021-08-11"
C450367L,"2021-08-17"
C980464L,"2021-08-07"
C254170L,"2021-08-14"
C230531L,"2021-08-12"
C489289L,"2021-08-08"
C307212L,"2021-08-10"
C607672L,"2021-08-04"
C500766L,"2021-08-07"
C948713L,"2021-08-06"
C358518L,"2021-08-19"
C670300L,"2021-08-05"
C361180L,"2021-08-05"
C220444L,"2021-08-02"
C725097L,"2021-08-15"
C506612L,"2021-08-27"
C928680L,"2021-08-06"
C314047L,"2021-08-12"
C742339L,"2021-08-04"
C940987L,"2021-08-28"
C666371L,"2021-08-23"
C368617L,"2021-08-14"
C639016L,"2021-08-28"
C176578L,"2021-08-23"
C111666L,"2021-08-03"
C866999L,"2021-08-11"
C757189L,"2021-08-23"
C453517L,"2021-08-14"
C670144L,"2021-08-17"
C897819L,"2021-08-06"
C680867L,"2021-08-14"
C780410L,"2021-08-20"
C673861L,"2021-08-01"
C349922L,"2021-08-17"
C699289L,"2021-08-12"
C942292L,"2021-08-16"
C735613L,"2021-08-25"
C541439L,"2021-08-12"
C793479L,"2021-08-17"
C431185L,"2021-08-15"
C607091L,"2021-08-01"
C467150L,"2021-08-25"
C521347L,"2021-08-19"
C447557L,"2021-08-07"
C241930L,"2021-08-17"
C904287L,"2021-08-02"
C966878L,"2021-08-17"
C177044L,"2021-08-21"
C164245L,"2021-08-14"
C370659L,"2021-08-05"
C652012L,"2021-08-17"
C841484L,"2021-08-15"
C356795L,"2021-08-08"
C924610L,"2021-08-10"
C942248L,"2021-08-17"
C385143L,"2021-08-17"
C615267L,"2021-08-18"
C883259L,"2021-08-25"
C908348L,"2021-08-13"
C830695L,"2021-08-20"
C645164L,"2021-08-27"
C353600L,"2021-08-23"
C734785L,"2021-08-28"
C818614L,"2021-08-07"
C761571L,"2021-08-11"
C795284L,"2021-08-21"
C915725L,"2021-08-05"
C776900L,"2021-08-08"
C914322L,"2021-08-16"
C462939L,"2021-08-11"
C612260L,"2021-08-04"
C442089L,"2021-08-01"
C604453L,"2021-08-02"
C760531L,"2021-08-23"
C713657L,"2021-08-19"
C789657L,"2021-08-28"
C512385L,"2021-08-12"
C447442L,"2021-08-07"
C374625L,"2021-08-02"
C615231L,"2021-08-10"
C955739L,"2021-08-10"
C891008L,"2021-08-03"
C669321L,"2021-08-12"
C790491L,"2021-08-19"
C457592L,"2021-08-10"
C159964L,"2021-08-21"
C448684L,"2021-08-23"
C174751L,"2021-08-28"
C218121L,"2021-08-14"
C974989L,"2021-08-21"
C959097L,"2021-08-16"
C673213L,"2021-08-02"
C474548L,"2021-08-10"
C589918L,"2021-08-20"
C713207L,"2021-08-27"
C389857L,"2021-08-24"
C439639L,"2021-08-28"
C649526L,"2021-08-10"
C296839L,"2021-08-20"
C495724L,"2021-08-22"
C396208L,"2021-08-14"
C586717L,"2021-08-12"
C223458L,"2021-08-10"
C576032L,"2021-08-15"
C931953L,"2021-08-14"
C474500L,"2021-08-20"
C825710L,"2021-08-15"
C932902L,"2021-08-14"
C654812L,"2021-08-15"
C895872L,"2021-08-26"
C868378L,"2021-08-18"
C402534L,"2021-08-06"
C538250L,"2021-08-15"
C807265L,"2021-08-14"
C750160L,"2021-08-25"
C980590L,"2021-08-22"
C887442L,"2021-08-02"
C131092L,"2021-08-04"
C160493L,"2021-08-28"
C524286L,"2021-08-11"
C396754L,"2021-08-20"
C908490L,"2021-08-28"
C959285L,"2021-08-14"
C819062L,"2021-08-28"
C951955L,"2021-08-25"
C865419L,"2021-08-24"
C155618L,"2021-08-24"
C585410L,"2021-08-26"
C574563L,"2021-08-20"
C203780L,"2021-08-22"
C207960L,"2021-08-25"
C278349L,"2021-08-15"
C667928L,"2021-08-14"
C795690L,"2021-08-02"
C454136L,"2021-08-20"
C861081L,"2021-08-03"
C118068L,"2021-08-09"
C389393L,"2021-08-09"
C862573L,"2021-08-09"
C555601L,"2021-08-13"
C536776L,"2021-08-06"
C415088L,"2021-08-15"
C138822L,"2021-08-16"
C922403L,"2021-08-22"
C794471L,"2021-08-24"
C984447L,"2021-08-23"
C142320L,"2021-08-23"
C726838L,"2021-08-10"
C739066L,"2021-08-15"
C844341L,"2021-08-04"
C898787L,"2021-08-14"
C674615L,"2021-08-20"
C483498L,"2021-08-23"
C170801L,"2021-08-18"
C808661L,"2021-08-09"
C870403L,"2021-08-17"
C457804L,"2021-08-10"
C664224L,"2021-08-02"
C381836L,"2021-08-26"
C745738L,"2021-08-25"
C387916L,"2021-08-11"
C614043L,"2021-08-07"
C985549L,"2021-08-06"
C903604L,"2021-08-22"
C776904L,"2021-08-17"
C588745L,"2021-08-19"
C415843L,"2021-08-14"
C281598L,"2021-08-18"
C120112L,"2021-08-13"
C299530L,"2021-08-22"
C441689L,"2021-08-21"
C475353L,"2021-08-16"
C612558L,"2021-08-20"
C790797L,"2021-08-23"
C563742L,"2021-08-02"
C370621L,"2021-08-15"
C886812L,"2021-08-03"
C335422L,"2021-08-16"
C166448L,"2021-08-05"
C165936L,"2021-08-11"
C459010L,"2021-08-05"
C982362L,"2021-08-13"
C831829L,"2021-08-24"
C954880L,"2021-08-26"
C331799L,"2021-08-26"
C927720L,"2021-08-25"
C568309L,"2021-08-04"
C550636L,"2021-08-23"
C596264L,"2021-08-19"
C557314L,"2021-08-13"
C948176L,"2021-08-18"
C533411L,"2021-08-26"
C734482L,"2021-08-12"
C898693L,"2021-08-22"
C996536L,"2021-08-10"
C530076L,"2021-08-17"
C140150L,"2021-08-20"
C809029L,"2021-08-08"
C143115L,"2021-08-07"
C117684L,"2021-08-05"
C747459L,"2021-08-07"
C980032L,"2021-08-18"
C766635L,"2021-08-17"
C988568L,"2021-08-24"
C735239L,"2021-08-28"
C263329L,"2021-08-04"
C576524L,"2021-08-26"
C863086L,"2021-08-09"
C323695L,"2021-08-02"
C392983L,"2021-08-09"
C811942L,"2021-08-22"
C805055L,"2021-08-15"
C755090L,"2021-08-22"
C392770L,"2021-08-08"
C864902L,"2021-08-11"
C922671L,"2021-08-24"
C831589L,"2021-08-03"
C422905L,"2021-08-08"
C435496L,"2021-08-27"
C529590L,"2021-08-05"
C872421L,"2021-08-25"
C144948L,"2021-08-12"
C931803L,"2021-08-07"
C865251L,"2021-08-09"
C969541L,"2021-08-05"
C496630L,"2021-08-25"
C937356L,"2021-08-22"
C145587L,"2021-08-16"
C804553L,"2021-08-07"
C515428L,"2021-08-22"
C602747L,"2021-08-03"
C544293L,"2021-08-02"
C581717L,"2021-08-06"
C809770L,"2021-08-21"
C416934L,"2021-08-28"
C359917L,"2021-08-21"
C588707L,"2021-08-15"
C496355L,"2021-08-16"
C224404L,"2021-08-22"
C206125L,"2021-08-19"
C661288L,"2021-08-07"
C876819L,"2021-08-03"
C268391L,"2021-08-06"
C485419L,"2021-08-04"
C287218L,"2021-08-27"
C756072L,"2021-08-25"
C642828L,"2021-08-14"
C298406L,"2021-08-21"
C513353L,"2021-08-03"
C985421L,"2021-08-27"
C738725L,"2021-08-27"
C279046L,"2021-08-25"
C427029L,"2021-08-08"
C712908L,"2021-08-03"
C961921L,"2021-08-15"
C881207L,"2021-08-11"
C813946L,"2021-08-02"
C642945L,"2021-08-26"
C216846L,"2021-08-08"
C567506L,"2021-08-05"
C720213L,"2021-08-27"
C227184L,"2021-08-02"
C324310L,"2021-08-01"
C763154L,"2021-08-13"
C218770L,"2021-08-09"
C281813L,"2021-08-23"
C969977L,"2021-08-09"
C319174L,"2021-08-28"
C556591L,"2021-08-24"
C210751L,"2021-08-28"
C534529L,"2021-08-28"
C293590L,"2021-08-19"
C264730L,"2021-08-05"
C326471L,"2021-08-18"
C561668L,"2021-08-08"
C219363L,"2021-08-03"
C391075L,"2021-08-14"
C745967L,"2021-08-01"
C433456L,"2021-08-22"
C160222L,"2021-08-11"
C229578L,"2021-08-24"
C420956L,"2021-08-11"
C639287L,"2021-08-12"
C796146L,"2021-08-21"
C230401L,"2021-08-22"
C571902L,"2021-08-17"
C562005L,"2021-08-09"
C361277L,"2021-08-05"
C359552L,"2021-08-01"
C399668L,"2021-08-12"
C989089L,"2021-08-01"
C114463L,"2021-08-08"
C327703L,"2021-08-13"
C833021L,"2021-08-05"
C477975L,"2021-08-21"
C324132L,"2021-08-25"
C761925L,"2021-08-18"
C907193L,"2021-08-16"
C941247L,"2021-09-21"
C230351L,"2021-09-28"
C622494L,"2021-09-08"
C964079L,"2021-09-26"
C986058L,"2021-09-28"
C844766L,"2021-09-19"
C449792L,"2021-09-24"
C547681L,"2021-09-04"
C826629L,"2021-09-28"
C205273L,"2021-09-10"
C499900L,"2021-09-23"
C527394L,"2021-09-14"
C696835L,"2021-09-07"
C238059L,"2021-09-14"
C238947L,"2021-09-24"
C213870L,"2021-09-11"
C629286L,"2021-09-14"
C900628L,"2021-09-01"
C892040L,"2021-09-01"
C685936L,"2021-09-10"
C604324L,"2021-09-28"
C145727L,"2021-09-10"
C604951L,"2021-09-19"
C782148L,"2021-09-21"
C852000L,"2021-09-16"
C934798L,"2021-09-28"
C420548L,"2021-09-06"
C410639L,"2021-09-14"
C216179L,"2021-09-21"
C953155L,"2021-09-15"
C215643L,"2021-09-28"
C694207L,"2021-09-18"
C149142L,"2021-09-26"
C333472L,"2021-09-01"
C389258L,"2021-09-07"
C851730L,"2021-09-18"
C204069L,"2021-09-26"
C424876L,"2021-09-03"
C550990L,"2021-09-16"
C776499L,"2021-09-22"
C406990L,"2021-09-12"
C528073L,"2021-09-05"
C558872L,"2021-09-11"
C474371L,"2021-09-16"
C247805L,"2021-09-12"
C508126L,"2021-09-09"
C529160L,"2021-09-23"
C960526L,"2021-09-24"
C901490L,"2021-09-23"
C833446L,"2021-09-22"
C607286L,"2021-09-21"
C627128L,"2021-09-14"
C274501L,"2021-09-03"
C799147L,"2021-09-14"
C424744L,"2021-09-25"
C221507L,"2021-09-17"
C253715L,"2021-09-21"
C792602L,"2021-09-21"
C675111L,"2021-09-05"
C954482L,"2021-09-17"
C857818L,"2021-09-20"
C885565L,"2021-09-10"
C676102L,"2021-09-21"
C857008L,"2021-09-08"
C199888L,"2021-09-23"
C692945L,"2021-09-20"
C292185L,"2021-09-19"
C580970L,"2021-09-21"
C231841L,"2021-09-18"
C643906L,"2021-09-20"
C575152L,"2021-09-10"
C370732L,"2021-09-09"
C315409L,"2021-09-21"
C729377L,"2021-09-15"
C139722L,"2021-09-21"
C177529L,"2021-09-01"
C291272L,"2021-09-17"
C430619L,"2021-09-22"
C587876L,"2021-09-09"
C313927L,"2021-09-20"
C236335L,"2021-09-12"
C300711L,"2021-09-25"
C672640L,"2021-09-17"
C261934L,"2021-09-08"
C305209L,"2021-09-01"
C940603L,"2021-09-02"
C516284L,"2021-09-16"
C264694L,"2021-09-20"
C856436L,"2021-09-11"
C900915L,"2021-09-15"
C385951L,"2021-09-25"
C753019L,"2021-09-23"
C977542L,"2021-09-07"
C811785L,"2021-09-02"
C855070L,"2021-09-24"
C520887L,"2021-09-23"
C111828L,"2021-09-25"
C889581L,"2021-09-13"
C491796L,"2021-09-24"
C772184L,"2021-09-22"
C370725L,"2021-09-09"
C190534L,"2021-09-09"
C749859L,"2021-09-28"
C935675L,"2021-09-09"
C837047L,"2021-09-03"
C209849L,"2021-09-09"
C648252L,"2021-09-08"
C426893L,"2021-09-22"
C555980L,"2021-09-01"
C699194L,"2021-09-12"
C230249L,"2021-09-09"
C545094L,"2021-09-24"
C891022L,"2021-09-08"
C942237L,"2021-09-11"
C824331L,"2021-09-18"
C454203L,"2021-09-12"
C127259L,"2021-09-14"
C631413L,"2021-09-17"
C973354L,"2021-09-14"
C219951L,"2021-09-23"
C762523L,"2021-09-03"
C252303L,"2021-09-21"
C888813L,"2021-09-17"
C370595L,"2021-09-25"
C357709L,"2021-09-26"
C815210L,"2021-09-14"
C778477L,"2021-09-12"
C171718L,"2021-09-16"
C481682L,"2021-09-07"
C247324L,"2021-09-25"
C819324L,"2021-09-03"
C153734L,"2021-09-19"
C494158L,"2021-09-02"
C649372L,"2021-09-19"
C462603L,"2021-09-21"
C602095L,"2021-09-06"
C427267L,"2021-09-23"
C713425L,"2021-09-21"
C712752L,"2021-09-23"
C504330L,"2021-09-26"
C658568L,"2021-09-06"
C840710L,"2021-09-01"
C878658L,"2021-09-03"
C445624L,"2021-09-19"
C120526L,"2021-09-10"
C317768L,"2021-09-22"
C185244L,"2021-09-20"
C914828L,"2021-09-03"
C695070L,"2021-09-10"
C382334L,"2021-09-05"
C407670L,"2021-09-19"
C173822L,"2021-09-11"
C307564L,"2021-09-15"
C699636L,"2021-09-22"
C969876L,"2021-09-19"
C188576L,"2021-09-09"
C712032L,"2021-09-11"
C780560L,"2021-09-26"
C187290L,"2021-09-12"
C293341L,"2021-09-20"
C505840L,"2021-09-07"
C510709L,"2021-09-11"
C661990L,"2021-09-23"
C986391L,"2021-09-28"
C385693L,"2021-09-02"
C339400L,"2021-09-21"
C206666L,"2021-09-17"
C652734L,"2021-09-03"
C566454L,"2021-09-06"
C112258L,"2021-09-06"
C789607L,"2021-09-24"
C394799L,"2021-09-07"
C173604L,"2021-09-20"
C765265L,"2021-09-15"
C328919L,"2021-09-14"
C600734L,"2021-09-27"
C220911L,"2021-09-18"
C263693L,"2021-09-18"
C170228L,"2021-09-14"
C157340L,"2021-09-15"
C693442L,"2021-09-24"
C586337L,"2021-09-16"
C910983L,"2021-09-12"
C494873L,"2021-09-18"
C975259L,"2021-09-22"
C550002L,"2021-09-28"
C391009L,"2021-09-22"
C284772L,"2021-09-16"
C630111L,"2021-09-21"
C521348L,"2021-09-03"
C540782L,"2021-09-03"
C286514L,"2021-09-12"
C416382L,"2021-09-28"
C172885L,"2021-09-22"
C166348L,"2021-09-26"
C269732L,"2021-09-23"
C644721L,"2021-09-08"
C860283L,"2021-09-10"
C939631L,"2021-09-22"
C651504L,"2021-09-17"
C481192L,"2021-09-24"
C617369L,"2021-09-09"
C963211L,"2021-09-06"
C977907L,"2021-09-17"
C871729L,"2021-09-24"
C776994L,"2021-09-05"
C688872L,"2021-09-07"
C363544L,"2021-09-27"
C930720L,"2021-09-10"
C362236L,"2021-09-21"
C296946L,"2021-09-22"
C485631L,"2021-09-26"
C539674L,"2021-09-12"
C153124L,"2021-09-24"
C491617L,"2021-09-27"
C763100L,"2021-09-03"
C631140L,"2021-09-12"
C430351L,"2021-09-13"
C127144L,"2021-09-13"
C741829L,"2021-09-16"
C112612L,"2021-09-17"
C835403L,"2021-09-08"
C933998L,"2021-09-04"
C411258L,"2021-09-17"
C873763L,"2021-09-09"
C764205L,"2021-09-09"
C757915L,"2021-09-08"
C198982L,"2021-09-24"
C258667L,"2021-09-28"
C235021L,"2021-09-07"
C574921L,"2021-09-25"
C702126L,"2021-09-23"
C405819L,"2021-09-28"
C268503L,"2021-09-14"
C630030L,"2021-09-15"
C975587L,"2021-09-28"
C870920L,"2021-09-27"
C406756L,"2021-09-03"
C261295L,"2021-09-26"
C943270L,"2021-09-19"
C418238L,"2021-09-13"
C897925L,"2021-09-22"
C751329L,"2021-09-12"
C392662L,"2021-09-07"
C996931L,"2021-09-23"
C317606L,"2021-09-12"
C432825L,"2021-09-20"
C247716L,"2021-09-05"
C513828L,"2021-09-17"
C413190L,"2021-09-24"
C248894L,"2021-09-08"
C827265L,"2021-09-01"
C794109L,"2021-09-17"
C511866L,"2021-09-19"
C924211L,"2021-09-06"
C266569L,"2021-09-20"
C547850L,"2021-09-07"
C119187L,"2021-09-24"
C149914L,"2021-09-07"
C489981L,"2021-09-22"
C635505L,"2021-09-06"
C411610L,"2021-09-28"
C863131L,"2021-09-21"
C877494L,"2021-09-02"
C241821L,"2021-09-26"
C249412L,"2021-09-21"
C684080L,"2021-09-16"
C274315L,"2021-09-13"
C667729L,"2021-09-15"
C229988L,"2021-09-23"
C952783L,"2021-09-19"
C246492L,"2021-09-14"
C479992L,"2021-09-19"
C118399L,"2021-09-18"
C872920L,"2021-09-18"
C919371L,"2021-09-27"
C620551L,"2021-09-12"
C901633L,"2021-09-17"
C526737L,"2021-09-24"
C300950L,"2021-09-05"
C815290L,"2021-09-28"
C991995L,"2021-09-09"
C487680L,"2021-09-25"
C293389L,"2021-09-01"
C185112L,"2021-09-17"
C268482L,"2021-09-12"
C513549L,"2021-09-28"
C418133L,"2021-09-24"
C343034L,"2021-09-03"
C439929L,"2021-09-27"
C248634L,"2021-09-17"
C475513L,"2021-09-25"
C877981L,"2021-09-24"
C643275L,"2021-09-28"
C622883L,"2021-09-24"
C795566L,"2021-09-05"
C400269L,"2021-09-17"
C508430L,"2021-09-19"
C783325L,"2021-09-22"
C259981L,"2021-09-01"
C804461L,"2021-09-02"
C565920L,"2021-09-12"
C218465L,"2021-09-02"
C117017L,"2021-09-02"
C847031L,"2021-09-15"
C438658L,"2021-09-08"
C736500L,"2021-09-16"
C390416L,"2021-09-27"
C563349L,"2021-09-09"
C670551L,"2021-09-14"
C165068L,"2021-09-10"
C890940L,"2021-09-28"
C166327L,"2021-09-05"
C114466L,"2021-09-20"
C383917L,"2021-09-23"
C865081L,"2021-09-21"
C154215L,"2021-09-07"
C244418L,"2021-09-01"
C410033L,"2021-09-12"
C471285L,"2021-09-24"
C889309L,"2021-09-25"
C556889L,"2021-09-16"
C279241L,"2021-09-25"
C284236L,"2021-09-03"
C978558L,"2021-09-08"
C339395L,"2021-09-28"
C673858L,"2021-09-03"
C757377L,"2021-09-24"
C647809L,"2021-09-07"
C347055L,"2021-09-23"
C504588L,"2021-09-01"
C736562L,"2021-09-18"
C874438L,"2021-09-14"
C356780L,"2021-09-26"
C345656L,"2021-09-05"
C671496L,"2021-09-10"
C675024L,"2021-09-26"
C137539L,"2021-09-04"
C860360L,"2021-09-09"
C697826L,"2021-09-01"
C120003L,"2021-09-05"
C215074L,"2021-09-13"
C944941L,"2021-09-13"
C779646L,"2021-09-19"
C763705L,"2021-09-17"
C351587L,"2021-09-10"
C592059L,"2021-09-08"
C136210L,"2021-09-21"
C623394L,"2021-09-26"
C477798L,"2021-09-02"
C346638L,"2021-09-25"
C329053L,"2021-09-20"
C985193L,"2021-09-20"
C308987L,"2021-09-10"
C546754L,"2021-09-15"
C518179L,"2021-09-20"
C845990L,"2021-09-07"
C419376L,"2021-09-15"
C244357L,"2021-09-22"
C584050L,"2021-09-08"
C922780L,"2021-09-17"
C961302L,"2021-09-20"
C236908L,"2021-09-09"
C572388L,"2021-09-18"
C490497L,"2021-09-20"
C822265L,"2021-09-01"
C512943L,"2021-09-01"
C960072L,"2021-09-19"
C773952L,"2021-09-10"
C572081L,"2021-09-19"
C337717L,"2021-09-28"
C436955L,"2021-09-08"
C790783L,"2021-09-21"
C433008L,"2021-09-12"
C840846L,"2021-09-25"
C469899L,"2021-09-28"
C533639L,"2021-09-04"
C567307L,"2021-09-07"
C672573L,"2021-09-10"
C242231L,"2021-09-22"
C724757L,"2021-09-25"
C742692L,"2021-09-25"
C813361L,"2021-09-14"
C546010L,"2021-09-07"
C687663L,"2021-09-10"
C655017L,"2021-09-01"
C898759L,"2021-09-08"
C266096L,"2021-09-09"
C986196L,"2021-09-09"
C140964L,"2021-09-26"
C312529L,"2021-09-09"
C607118L,"2021-09-20"
C127878L,"2021-09-13"
C634745L,"2021-09-09"
C732744L,"2021-09-21"
C164454L,"2021-09-11"
C816600L,"2021-09-21"
C413769L,"2021-09-09"
C468577L,"2021-09-06"
C646470L,"2021-09-09"
C645518L,"2021-09-22"
C365124L,"2021-09-28"
C721956L,"2021-09-18"
C641246L,"2021-09-01"
C899734L,"2021-09-04"
C702521L,"2021-09-08"
C743457L,"2021-09-03"
C514513L,"2021-09-10"
C545911L,"2021-09-13"
C274332L,"2021-09-19"
C332046L,"2021-10-17"
C701420L,"2021-10-12"
C871045L,"2021-10-10"
C258631L,"2021-10-25"
C817349L,"2021-10-15"
C842885L,"2021-10-07"
C254277L,"2021-10-18"
C469091L,"2021-10-05"
C295721L,"2021-10-14"
C676303L,"2021-10-20"
C599590L,"2021-10-21"
C440374L,"2021-10-02"
C711225L,"2021-10-21"
C991374L,"2021-10-23"
C554105L,"2021-10-06"
C118043L,"2021-10-19"
C988804L,"2021-10-12"
C817108L,"2021-10-09"
C142435L,"2021-10-05"
C640899L,"2021-10-03"
C594019L,"2021-10-28"
C214771L,"2021-10-12"
C225180L,"2021-10-11"
C220785L,"2021-10-24"
C723603L,"2021-10-16"
C236544L,"2021-10-24"
C446232L,"2021-10-08"
C742165L,"2021-10-24"
C714316L,"2021-10-15"
C595809L,"2021-10-09"
C592986L,"2021-10-04"
C383753L,"2021-10-18"
C781404L,"2021-10-05"
C236137L,"2021-10-07"
C487379L,"2021-10-25"
C160191L,"2021-10-28"
C919450L,"2021-10-07"
C527307L,"2021-10-04"
C924458L,"2021-10-03"
C613677L,"2021-10-14"
C406498L,"2021-10-25"
C232436L,"2021-10-11"
C686567L,"2021-10-21"
C208795L,"2021-10-12"
C586692L,"2021-10-28"
C978174L,"2021-10-20"
C447301L,"2021-10-03"
C774835L,"2021-10-12"
C213952L,"2021-10-08"
C871208L,"2021-10-19"
C737831L,"2021-10-23"
C601325L,"2021-10-25"
C399834L,"2021-10-26"
C497410L,"2021-10-17"
C718296L,"2021-10-01"
C141629L,"2021-10-11"
C675381L,"2021-10-03"
C305396L,"2021-10-10"
C824224L,"2021-10-28"
C451823L,"2021-10-23"
C343220L,"2021-10-04"
C816576L,"2021-10-02"
C520904L,"2021-10-02"
C337105L,"2021-10-15"
C247915L,"2021-10-25"
C941719L,"2021-10-12"
C159812L,"2021-10-02"
C576765L,"2021-10-22"
C722470L,"2021-10-19"
C738903L,"2021-10-13"
C453900L,"2021-10-14"
C134281L,"2021-10-05"
C164598L,"2021-10-23"
C990984L,"2021-10-28"
C772440L,"2021-10-23"
C915506L,"2021-10-08"
C963219L,"2021-10-05"
C139822L,"2021-10-09"
C214961L,"2021-10-06"
C803470L,"2021-10-25"
C846643L,"2021-10-15"
C616837L,"2021-10-24"
C595566L,"2021-10-01"
C394803L,"2021-10-08"
C168471L,"2021-10-12"
C459460L,"2021-10-16"
C717869L,"2021-10-11"
C619677L,"2021-10-22"
C509772L,"2021-10-02"
C374751L,"2021-10-06"
C275940L,"2021-10-10"
C170667L,"2021-10-25"
C843559L,"2021-10-05"
C318744L,"2021-10-07"
C177865L,"2021-10-06"
C955839L,"2021-10-06"
C853582L,"2021-10-16"
C615304L,"2021-10-28"
C880315L,"2021-10-14"
C510277L,"2021-10-09"
C688485L,"2021-10-16"
C875936L,"2021-10-07"
C525515L,"2021-10-01"
C556363L,"2021-10-24"
C936732L,"2021-10-06"
C394076L,"2021-10-12"
C321799L,"2021-10-10"
C852354L,"2021-10-14"
C951367L,"2021-10-01"
C690478L,"2021-10-15"
C794673L,"2021-10-03"
C464201L,"2021-10-28"
C407728L,"2021-10-27"
C340065L,"2021-10-22"
C460966L,"2021-10-23"
C761435L,"2021-10-05"
C802941L,"2021-10-25"
C661509L,"2021-10-16"
C933054L,"2021-10-14"
C212757L,"2021-10-01"
C810409L,"2021-10-24"
C607268L,"2021-10-12"
C140927L,"2021-10-13"
C484446L,"2021-10-14"
C717679L,"2021-10-13"
C275711L,"2021-10-05"
C516821L,"2021-10-06"
C189105L,"2021-10-19"
C192004L,"2021-10-10"
C390419L,"2021-10-24"
C827907L,"2021-10-01"
C976384L,"2021-10-17"
C476516L,"2021-10-24"
C491662L,"2021-10-20"
C199781L,"2021-10-25"
C663409L,"2021-10-19"
C845220L,"2021-10-17"
C346363L,"2021-10-10"
C144871L,"2021-10-02"
C323618L,"2021-10-05"
C983849L,"2021-10-07"
C881086L,"2021-10-09"
C985354L,"2021-10-02"
C261068L,"2021-10-05"
C176721L,"2021-10-19"
C299959L,"2021-10-25"
C441288L,"2021-10-05"
C415020L,"2021-10-14"
C284081L,"2021-10-26"
C645832L,"2021-10-14"
C709820L,"2021-10-10"
C112901L,"2021-10-03"
C293498L,"2021-10-12"
C842855L,"2021-10-25"
C830769L,"2021-10-11"
C560989L,"2021-10-13"
C442565L,"2021-10-05"
C240510L,"2021-10-24"
C273269L,"2021-10-06"
C934767L,"2021-10-14"
C203867L,"2021-10-09"
C757933L,"2021-10-27"
C267397L,"2021-10-08"
C852869L,"2021-10-13"
C324691L,"2021-10-03"
C721874L,"2021-10-02"
C157676L,"2021-10-24"
C700804L,"2021-10-24"
C847874L,"2021-10-27"
C446118L,"2021-10-17"
C559905L,"2021-10-21"
C376366L,"2021-10-11"
C450037L,"2021-10-21"
C416181L,"2021-10-20"
C162876L,"2021-10-02"
C835947L,"2021-10-11"
C451085L,"2021-10-03"
C362244L,"2021-10-08"
C507440L,"2021-10-10"
C203778L,"2021-10-15"
C135807L,"2021-10-06"
C864285L,"2021-10-20"
C996448L,"2021-10-20"
C379337L,"2021-10-28"
C618317L,"2021-10-26"
C278013L,"2021-10-25"
C290087L,"2021-10-13"
C595892L,"2021-10-18"
C859189L,"2021-10-07"
C943918L,"2021-10-19"
C828643L,"2021-10-17"
C423808L,"2021-10-09"
C620963L,"2021-10-14"
C682985L,"2021-10-03"
C550642L,"2021-10-11"
C765912L,"2021-10-03"
C208458L,"2021-10-10"
C914272L,"2021-10-21"
C143765L,"2021-10-25"
C767768L,"2021-10-13"
C272151L,"2021-10-12"
C196616L,"2021-10-15"
C242356L,"2021-10-05"
C587654L,"2021-10-22"
C993898L,"2021-10-26"
C463487L,"2021-10-26"
C580181L,"2021-10-20"
C298804L,"2021-10-21"
C405515L,"2021-10-22"
C482428L,"2021-10-26"
C202990L,"2021-10-28"
C597660L,"2021-10-23"
C980973L,"2021-10-27"
C307127L,"2021-10-03"
C330986L,"2021-10-20"
C855073L,"2021-10-06"
C215298L,"2021-10-21"
C999498L,"2021-10-08"
C994724L,"2021-10-03"
C588794L,"2021-10-10"
C487004L,"2021-10-08"
C923611L,"2021-10-21"
C529046L,"2021-10-01"
C203164L,"2021-10-25"
C507202L,"2021-10-13"
C379165L,"2021-10-21"
C251997L,"2021-10-28"
C824913L,"2021-10-22"
C462580L,"2021-10-22"
C608133L,"2021-10-20"
C228201L,"2021-10-01"
C650240L,"2021-10-02"
C419070L,"2021-10-25"
C768693L,"2021-10-03"
C760843L,"2021-10-04"
C595846L,"2021-10-12"
C851620L,"2021-10-06"
C864099L,"2021-10-25"
C953132L,"2021-10-04"
C463842L,"2021-10-16"
C552458L,"2021-10-24"
C310729L,"2021-10-14"
C499996L,"2021-10-18"
C416727L,"2021-10-25"
C850252L,"2021-10-13"
C901461L,"2021-10-04"
C239351L,"2021-10-10"
C989354L,"2021-10-01"
C645152L,"2021-10-26"
C623383L,"2021-10-06"
C543271L,"2021-10-21"
C270517L,"2021-10-28"
C545418L,"2021-10-06"
C421798L,"2021-10-16"
C286548L,"2021-10-13"
C635102L,"2021-10-24"
C791503L,"2021-10-03"
C288707L,"2021-10-25"
C560000L,"2021-10-06"
C629570L,"2021-10-04"
C332699L,"2021-10-02"
C380315L,"2021-10-09"
C464239L,"2021-10-09"
C730690L,"2021-10-22"
C175796L,"2021-10-27"
C199971L,"2021-10-24"
C873660L,"2021-10-23"
C591890L,"2021-10-06"
C720119L,"2021-10-06"
C689256L,"2021-10-10"
C597760L,"2021-10-27"
C607524L,"2021-10-17"
C611777L,"2021-10-10"
C898816L,"2021-10-01"
C214255L,"2021-10-28"
C534379L,"2021-10-26"
C157780L,"2021-10-19"
C320323L,"2021-10-24"
C931355L,"2021-10-15"
C819107L,"2021-10-10"
C997696L,"2021-10-15"
C700155L,"2021-10-10"
C527370L,"2021-10-21"
C500464L,"2021-10-14"
C684090L,"2021-10-23"
C885240L,"2021-10-02"
C368853L,"2021-10-01"
C724739L,"2021-10-11"
C165178L,"2021-10-19"
C374256L,"2021-10-22"
C451226L,"2021-10-05"
C211924L,"2021-10-25"
C213949L,"2021-10-17"
C163934L,"2021-10-14"
C294880L,"2021-10-12"
C292711L,"2021-10-20"
C508903L,"2021-11-22"
C956638L,"2021-11-05"
C878472L,"2021-11-10"
C639248L,"2021-11-10"
C852575L,"2021-11-04"
C395230L,"2021-11-16"
C432780L,"2021-11-13"
C745322L,"2021-11-04"
C424665L,"2021-11-09"
C593433L,"2021-11-25"
C334022L,"2021-11-25"
C223799L,"2021-11-22"
C709150L,"2021-11-16"
C846307L,"2021-11-09"
C727904L,"2021-11-17"
C882122L,"2021-11-04"
C867446L,"2021-11-10"
C777017L,"2021-11-20"
C934566L,"2021-11-22"
C640198L,"2021-11-13"
C475094L,"2021-11-21"
C358830L,"2021-11-16"
C764276L,"2021-11-26"
C194207L,"2021-11-28"
C435752L,"2021-11-05"
C170658L,"2021-11-06"
C700603L,"2021-11-01"
C593262L,"2021-11-13"
C504512L,"2021-11-17"
C503582L,"2021-11-01"
C956989L,"2021-11-17"
C926725L,"2021-11-22"
C781579L,"2021-11-21"
C763722L,"2021-11-15"
C589973L,"2021-11-08"
C175618L,"2021-11-08"
C738132L,"2021-11-23"
C744100L,"2021-11-27"
C438982L,"2021-11-12"
C349194L,"2021-11-11"
C412333L,"2021-11-20"
C756100L,"2021-11-14"
C218108L,"2021-11-08"
C973598L,"2021-11-17"
C131834L,"2021-11-24"
C895064L,"2021-11-18"
C389361L,"2021-11-15"
C960523L,"2021-11-26"
C128626L,"2021-11-16"
C234415L,"2021-11-19"
C669116L,"2021-11-18"
C876695L,"2021-11-21"
C992037L,"2021-11-21"
C221844L,"2021-11-03"
C140900L,"2021-11-16"
C531212L,"2021-11-23"
C946407L,"2021-11-25"
C565819L,"2021-11-04"
C920542L,"2021-11-01"
C603902L,"2021-11-25"
C864846L,"2021-11-08"
C353507L,"2021-11-28"
C821173L,"2021-11-15"
C272191L,"2021-11-21"
C889753L,"2021-11-14"
C642884L,"2021-11-23"
C555864L,"2021-11-17"
C781710L,"2021-11-23"
C903932L,"2021-11-02"
C115129L,"2021-11-15"
C470268L,"2021-11-04"
C451973L,"2021-11-26"
C513311L,"2021-11-23"
C830894L,"2021-11-04"
C610078L,"2021-11-24"
C352946L,"2021-11-12"
C363466L,"2021-11-24"
C157329L,"2021-11-01"
C671834L,"2021-11-04"
C725776L,"2021-11-03"
C954501L,"2021-11-10"
C195629L,"2021-11-01"
C727531L,"2021-11-16"
C133507L,"2021-11-08"
C724168L,"2021-11-02"
C467146L,"2021-11-09"
C263949L,"2021-11-15"
C821592L,"2021-11-01"
C757057L,"2021-11-25"
C120985L,"2021-11-27"
C211296L,"2021-11-10"
C694803L,"2021-11-23"
C807718L,"2021-11-15"
C438591L,"2021-11-18"
C220198L,"2021-11-03"
C942290L,"2021-11-19"
C584636L,"2021-11-17"
C624232L,"2021-11-27"
C591135L,"2021-11-25"
C450972L,"2021-11-23"
C879144L,"2021-11-09"
C311476L,"2021-11-20"
C331093L,"2021-11-08"
C948148L,"2021-11-26"
C614463L,"2021-11-17"
C355168L,"2021-11-18"
C234957L,"2021-11-04"
C791023L,"2021-11-02"
C280001L,"2021-11-27"
C361787L,"2021-11-20"
C634177L,"2021-11-21"
C806822L,"2021-11-16"
C286214L,"2021-11-28"
C314803L,"2021-11-01"
C773709L,"2021-11-08"
C260987L,"2021-11-10"
C968962L,"2021-11-09"
C790722L,"2021-11-19"
C400107L,"2021-11-11"
C624290L,"2021-11-26"
C790408L,"2021-11-01"
C806665L,"2021-11-22"
C320667L,"2021-11-11"
C790632L,"2021-11-03"
C521935L,"2021-11-22"
C613160L,"2021-11-18"
C137906L,"2021-11-03"
C485200L,"2021-11-25"
C182055L,"2021-11-04"
C796307L,"2021-11-23"
C448722L,"2021-11-19"
C898194L,"2021-11-25"
C484780L,"2021-11-22"
C693429L,"2021-11-27"
C243149L,"2021-11-16"
C569357L,"2021-11-02"
C698745L,"2021-11-12"
C349727L,"2021-11-03"
C840840L,"2021-11-12"
C968294L,"2021-11-04"
C304632L,"2021-11-23"
C393377L,"2021-11-09"
C830683L,"2021-11-03"
C823201L,"2021-11-09"
C195703L,"2021-11-19"
C822607L,"2021-11-01"
C118559L,"2021-11-26"
C185164L,"2021-11-26"
C821745L,"2021-11-06"
C661647L,"2021-11-09"
C299819L,"2021-11-04"
C863302L,"2021-11-19"
C979209L,"2021-11-19"
C128609L,"2021-11-23"
C551551L,"2021-11-20"
C364237L,"2021-11-14"
C406317L,"2021-11-27"
C257393L,"2021-11-09"
C786292L,"2021-11-02"
C303681L,"2021-11-03"
C304970L,"2021-11-24"
C423334L,"2021-11-06"
C212997L,"2021-11-15"
C830599L,"2021-11-18"
C685248L,"2021-11-15"
C842170L,"2021-11-16"
C356814L,"2021-11-13"
C262497L,"2021-11-23"
C779932L,"2021-11-21"
C866611L,"2021-11-24"
C599976L,"2021-11-26"
C939411L,"2021-11-21"
C607220L,"2021-11-16"
C185914L,"2021-11-25"
C220405L,"2021-11-07"
C163688L,"2021-11-17"
C473931L,"2021-11-21"
C295317L,"2021-11-22"
C845061L,"2021-11-23"
C299859L,"2021-11-20"
C919222L,"2021-11-28"
C518000L,"2021-11-28"
C368335L,"2021-11-06"
C452735L,"2021-11-03"
C197356L,"2021-11-08"
C642472L,"2021-11-07"
C504900L,"2021-11-17"
C305773L,"2021-11-07"
C350808L,"2021-11-04"
C887703L,"2021-11-18"
C660546L,"2021-11-18"
C291014L,"2021-11-08"
C400722L,"2021-11-14"
C175302L,"2021-11-09"
C642541L,"2021-11-13"
C822217L,"2021-11-25"
C177400L,"2021-11-24"
C707264L,"2021-11-11"
C643883L,"2021-11-17"
C588147L,"2021-11-09"
C751652L,"2021-11-20"
C307555L,"2021-11-06"
C738762L,"2021-11-23"
C780898L,"2021-11-17"
C933325L,"2021-11-12"
C544448L,"2021-11-27"
C625394L,"2021-11-26"
C307395L,"2021-11-02"
C902080L,"2021-11-28"
C809544L,"2021-11-28"
C367336L,"2021-11-27"
C888223L,"2021-11-12"
C539168L,"2021-11-17"
C399878L,"2021-11-24"
C544070L,"2021-11-14"
C551481L,"2021-11-12"
C171874L,"2021-11-12"
C162978L,"2021-11-06"
C969119L,"2021-11-16"
C652874L,"2021-11-15"
C328972L,"2021-11-10"
C158864L,"2021-11-12"
C467527L,"2021-11-28"
C392296L,"2021-11-04"
C807487L,"2021-11-26"
C801478L,"2021-11-06"
C448037L,"2021-11-15"
C302804L,"2021-11-27"
C761888L,"2021-11-04"
C839319L,"2021-11-02"
C278469L,"2021-11-13"
C415161L,"2021-11-22"
C263640L,"2021-11-27"
C848774L,"2021-11-07"
C165059L,"2021-11-25"
C352783L,"2021-11-08"
C181436L,"2021-11-01"
C794985L,"2021-11-15"
C177455L,"2021-11-05"
C164230L,"2021-11-13"
C932944L,"2021-11-22"
C268424L,"2021-11-02"
C883450L,"2021-11-06"
C849054L,"2021-11-04"
C140278L,"2021-11-28"
C998685L,"2021-11-26"
C471171L,"2021-11-19"
C723754L,"2021-11-16"
C463544L,"2021-11-10"
C909222L,"2021-11-11"
C356347L,"2021-11-28"
C157544L,"2021-11-18"
C471753L,"2021-11-27"
C704681L,"2021-11-25"
C942158L,"2021-11-21"
C924102L,"2021-11-26"
C274456L,"2021-11-28"
C491827L,"2021-11-27"
C866418L,"2021-11-26"
C327217L,"2021-11-10"
C181793L,"2021-11-05"
C568231L,"2021-11-18"
C270275L,"2021-11-25"
C588523L,"2021-11-17"
C803189L,"2021-11-03"
C533321L,"2021-11-12"
C460493L,"2021-11-15"
C134158L,"2021-11-20"
C404198L,"2021-11-06"
C883317L,"2021-11-05"
C481158L,"2021-11-12"
C122065L,"2021-11-05"
C166377L,"2021-11-03"
C532671L,"2021-11-07"
C617436L,"2021-11-12"
C477890L,"2021-11-25"
C619230L,"2021-11-16"
C413709L,"2021-11-07"
C664917L,"2021-11-08"
C637337L,"2021-11-25"
C915214L,"2021-11-23"
C315164L,"2021-11-05"
C113767L,"2021-11-15"
C506704L,"2021-11-27"
C561770L,"2021-11-26"
C320654L,"2021-11-06"
C880300L,"2021-11-07"
C994857L,"2021-11-25"
C385646L,"2021-11-05"
C608898L,"2021-11-07"
C160389L,"2021-11-06"
C436011L,"2021-11-22"
C456281L,"2021-11-16"
C339508L,"2021-11-22"
C949083L,"2021-11-08"
C127410L,"2021-11-03"
C210105L,"2021-11-10"
C210702L,"2021-11-18"
C634785L,"2021-11-15"
C546814L,"2021-11-02"
C649308L,"2021-11-05"
C440383L,"2021-11-15"
C504001L,"2021-11-20"
C305030L,"2021-11-07"
C680794L,"2021-11-22"
C404142L,"2021-11-08"
C338216L,"2021-11-28"
C735927L,"2021-11-11"
C128765L,"2021-11-07"
C562634L,"2021-11-18"
C170264L,"2021-11-25"
C749547L,"2021-11-24"
C299472L,"2021-11-20"
C614339L,"2021-11-08"
C134413L,"2021-11-16"
C304951L,"2021-11-10"
C864410L,"2021-11-15"
C993531L,"2021-11-08"
C811269L,"2021-11-07"
C359997L,"2021-11-06"
C954451L,"2021-11-22"
C710795L,"2021-11-10"
C203544L,"2021-11-20"
C904118L,"2021-11-04"
C685596L,"2021-11-19"
C653582L,"2021-11-23"
C499225L,"2021-11-17"
C917454L,"2021-11-01"
C494276L,"2021-11-20"
C913594L,"2021-11-27"
C289646L,"2021-11-23"
C244786L,"2021-11-03"
C434159L,"2021-11-06"
C598721L,"2021-11-18"
C439980L,"2021-11-03"
C971803L,"2021-11-23"
C949023L,"2021-11-27"
C276633L,"2021-11-15"
C801359L,"2021-11-07"
C922717L,"2021-11-15"
C973894L,"2021-11-24"
C628905L,"2021-11-07"
C403187L,"2021-11-26"
C723100L,"2021-11-03"
C415016L,"2021-11-19"
C937948L,"2021-11-25"
C265794L,"2021-11-17"
C970497L,"2021-11-26"
C654928L,"2021-11-10"
C610335L,"2021-11-25"
C542963L,"2021-11-09"
C955087L,"2021-11-08"
C949014L,"2021-11-11"
C492932L,"2021-11-23"
C510008L,"2021-11-08"
C219848L,"2021-11-02"
C317976L,"2021-11-26"
C790532L,"2021-11-26"
C115745L,"2021-11-04"
C495676L,"2021-11-26"
C751424L,"2021-11-16"
C211164L,"2021-11-12"
C780584L,"2021-11-17"
C930724L,"2021-11-02"
C315207L,"2021-11-25"
C860359L,"2021-11-16"
C390010L,"2021-11-25"
C464538L,"2021-11-12"
C788999L,"2021-11-01"
C211465L,"2021-11-02"
C989951L,"2021-11-25"
C856079L,"2021-11-27"
C267737L,"2021-11-15"
C787631L,"2021-11-13"
C256446L,"2021-11-28"
C959549L,"2021-11-22"
C119251L,"2021-11-03"
C222341L,"2021-11-20"
C657362L,"2021-11-06"
C359165L,"2021-11-26"
C230372L,"2021-11-08"
C550308L,"2021-11-06"
C874922L,"2021-11-27"
C267039L,"2021-11-07"
C807422L,"2021-11-22"
C538631L,"2021-11-08"
C254812L,"2021-11-13"
C820319L,"2021-11-24"
C726644L,"2021-11-20"
C992621L,"2021-11-17"
C331978L,"2021-11-23"
C998017L,"2021-11-14"
C847221L,"2021-11-13"
C148215L,"2021-11-07"
C276960L,"2021-11-20"
C869965L,"2021-11-27"
C451013L,"2021-11-22"
C558351L,"2021-11-05"
C542850L,"2021-11-19"
C896860L,"2021-11-01"
C934429L,"2021-11-26"
C426604L,"2021-11-08"
C500105L,"2021-11-03"
C727016L,"2021-11-15"
C310022L,"2021-11-12"
C266522L,"2021-11-04"
C854229L,"2021-11-12"
C301447L,"2021-11-12"
C163269L,"2021-11-24"
C405631L,"2021-11-05"
C717907L,"2021-11-05"
C307227L,"2021-11-17"
C649688L,"2021-11-26"
C243493L,"2021-11-18"
C279787L,"2021-11-19"
C281787L,"2021-11-09"
C410896L,"2021-11-15"
C445586L,"2021-11-24"
C413536L,"2021-11-01"
C972075L,"2021-11-20"
C820598L,"2021-11-06"
C303867L,"2021-11-06"
C562918L,"2021-11-14"
C804945L,"2021-11-11"
C870711L,"2021-11-20"
C639870L,"2021-11-15"
C794879L,"2021-11-26"
C932170L,"2021-11-04"
C388256L,"2021-11-04"
C828392L,"2021-11-07"
C678436L,"2021-11-08"
C251306L,"2021-11-07"
C317777L,"2021-12-06"
C115187L,"2021-12-23"
C955962L,"2021-12-25"
C635495L,"2021-12-07"
C126672L,"2021-12-18"
C814366L,"2021-12-07"
C260117L,"2021-12-23"
C209998L,"2021-12-05"
C756816L,"2021-12-16"
C241302L,"2021-12-06"
C698317L,"2021-12-14"
C499919L,"2021-12-05"
C518173L,"2021-12-14"
C222936L,"2021-12-16"
C434388L,"2021-12-27"
C503407L,"2021-12-26"
C220081L,"2021-12-11"
C613165L,"2021-12-27"
C905006L,"2021-12-12"
C121623L,"2021-12-15"
C686117L,"2021-12-03"
C850633L,"2021-12-20"
C900381L,"2021-12-17"
C985407L,"2021-12-12"
C183230L,"2021-12-17"
C857890L,"2021-12-16"
C945606L,"2021-12-14"
C714247L,"2021-12-03"
C715596L,"2021-12-25"
C127916L,"2021-12-13"
C784615L,"2021-12-11"
C707817L,"2021-12-11"
C318689L,"2021-12-18"
C949498L,"2021-12-14"
C257934L,"2021-12-09"
C459720L,"2021-12-16"
C551324L,"2021-12-08"
C259604L,"2021-12-20"
C796546L,"2021-12-08"
C347288L,"2021-12-04"
C194239L,"2021-12-22"
C332672L,"2021-12-25"
C263041L,"2021-12-23"
C587850L,"2021-12-17"
C198784L,"2021-12-14"
C274430L,"2021-12-10"
C294431L,"2021-12-19"
C806347L,"2021-12-10"
C276703L,"2021-12-06"
C859546L,"2021-12-22"
C609115L,"2021-12-12"
C922594L,"2021-12-04"
C738928L,"2021-12-07"
C417984L,"2021-12-27"
C191638L,"2021-12-05"
C267935L,"2021-12-13"
C720280L,"2021-12-28"
C505925L,"2021-12-22"
C531144L,"2021-12-10"
C191188L,"2021-12-08"
C986991L,"2021-12-12"
C701732L,"2021-12-03"
C890308L,"2021-12-27"
C113520L,"2021-12-11"
C945064L,"2021-12-24"
C939912L,"2021-12-19"
C761017L,"2021-12-11"
C190131L,"2021-12-15"
C782899L,"2021-12-09"
C189137L,"2021-12-21"
C120370L,"2021-12-02"
C269536L,"2021-12-11"
C921743L,"2021-12-22"
C184107L,"2021-12-27"
C286374L,"2021-12-04"
C782790L,"2021-12-04"
C408108L,"2021-12-07"
C132488L,"2021-12-09"
C909114L,"2021-12-24"
C530632L,"2021-12-02"
C324155L,"2021-12-08"
C807552L,"2021-12-18"
C355402L,"2021-12-07"
C691329L,"2021-12-10"
C927784L,"2021-12-27"
C770987L,"2021-12-13"
C811645L,"2021-12-16"
C215461L,"2021-12-06"
C810915L,"2021-12-16"
C931640L,"2021-12-14"
C147101L,"2021-12-28"
C611418L,"2021-12-22"
C394914L,"2021-12-07"
C887943L,"2021-12-11"
C915276L,"2021-12-22"
C997231L,"2021-12-23"
C148479L,"2021-12-22"
C702933L,"2021-12-13"
C407930L,"2021-12-24"
C551259L,"2021-12-10"
C348605L,"2021-12-05"
C360482L,"2021-12-12"
C328276L,"2021-12-15"
C281010L,"2021-12-02"
C461382L,"2021-12-14"
C215028L,"2021-12-05"
C548143L,"2021-12-24"
C775652L,"2021-12-27"
C172015L,"2021-12-23"
C692506L,"2021-12-13"
C132322L,"2021-12-03"
C353221L,"2021-12-20"
C692085L,"2021-12-20"
C920061L,"2021-12-26"
C888995L,"2021-12-12"
C140374L,"2021-12-06"
C498837L,"2021-12-07"
C402053L,"2021-12-25"
C942567L,"2021-12-19"
C548018L,"2021-12-18"
C146418L,"2021-12-05"
C518128L,"2021-12-08"
C207844L,"2021-12-17"
C848031L,"2021-12-25"
C557641L,"2021-12-25"
C716051L,"2021-12-18"
C444616L,"2021-12-21"
C768131L,"2021-12-25"
C977688L,"2021-12-10"
C455163L,"2021-12-23"
C899610L,"2021-12-25"
C528921L,"2021-12-20"
C115023L,"2021-12-15"
C149990L,"2021-12-08"
C282235L,"2021-12-26"
C456801L,"2021-12-06"
C389745L,"2021-12-25"
C457649L,"2021-12-07"
C603679L,"2021-12-14"
C137975L,"2021-12-16"
C691411L,"2021-12-11"
C762891L,"2021-12-10"
C750416L,"2021-12-20"
C247649L,"2021-12-05"
C213343L,"2021-12-27"
C651145L,"2021-12-22"
C534088L,"2021-12-26"
C264821L,"2021-12-22"
C366090L,"2021-12-26"
C702189L,"2021-12-09"
C736540L,"2021-12-03"
C603214L,"2021-12-12"
C140324L,"2021-12-23"
C259075L,"2021-12-08"
C995465L,"2021-12-21"
C306526L,"2021-12-21"
C667680L,"2021-12-23"
C279618L,"2021-12-04"
C203966L,"2021-12-05"
C172703L,"2021-12-16"
C216417L,"2021-12-03"
C509023L,"2021-12-17"
C559107L,"2021-12-13"
C191168L,"2021-12-10"
C934957L,"2021-12-20"
C661635L,"2021-12-23"
C823220L,"2021-12-25"
C201035L,"2021-12-21"
C252501L,"2021-12-03"
C331675L,"2021-12-15"
C555100L,"2021-12-19"
C195816L,"2021-12-22"
C655658L,"2021-12-08"
C892699L,"2021-12-10"
C799421L,"2021-12-09"
C497556L,"2021-12-28"
C395036L,"2021-12-02"
C752501L,"2021-12-24"
C863827L,"2021-12-20"
C126878L,"2021-12-18"
C469416L,"2021-12-20"
C133037L,"2021-12-28"
C418640L,"2021-12-20"
C179316L,"2021-12-05"
C910180L,"2021-12-09"
C474489L,"2021-12-07"
C214319L,"2021-12-12"
C968002L,"2021-12-22"
C670128L,"2021-12-01"
C117787L,"2021-12-02"
C882803L,"2021-12-01"
C231924L,"2021-12-19"
C711764L,"2021-12-09"
C565605L,"2021-12-10"
C916513L,"2021-12-23"
C481499L,"2021-12-27"
C261243L,"2021-12-16"
C576952L,"2021-12-18"
C312106L,"2021-12-06"
C979577L,"2021-12-17"
C395899L,"2021-12-16"
C840032L,"2021-12-17"
C163985L,"2021-12-18"
C280331L,"2021-12-18"
C875370L,"2021-12-15"
C838948L,"2021-12-28"
C319389L,"2021-12-09"
C504884L,"2021-12-25"
C718846L,"2021-12-27"
C245245L,"2021-12-13"
C680479L,"2021-12-20"
C119394L,"2021-12-02"
C493693L,"2021-12-03"
C901597L,"2021-12-21"
C334170L,"2021-12-06"
C619661L,"2021-12-15"
C240208L,"2021-12-22"
C960411L,"2021-12-05"
C580710L,"2021-12-10"
C422949L,"2021-12-09"
C734552L,"2021-12-27"
C839755L,"2021-12-28"
C170839L,"2021-12-21"
C225547L,"2022-01-19"
C120606L,"2022-01-26"
C112088L,"2022-01-27"
C635740L,"2022-01-22"
C880722L,"2022-01-06"
C207995L,"2022-01-28"
C383629L,"2022-01-27"
C563295L,"2022-01-24"
C600018L,"2022-01-16"
C474741L,"2022-01-27"
C443586L,"2022-01-01"
C746876L,"2022-01-28"
C758391L,"2022-01-12"
C373144L,"2022-01-02"
C923240L,"2022-01-04"
C378624L,"2022-01-20"
C417601L,"2022-01-16"
C373784L,"2022-01-18"
C332182L,"2022-01-23"
C489601L,"2022-01-17"
C546633L,"2022-01-09"
C696203L,"2022-01-15"
C605459L,"2022-01-06"
C415262L,"2022-01-14"
C535620L,"2022-01-05"
C903849L,"2022-01-07"
C418606L,"2022-01-03"
C547048L,"2022-01-23"
C135084L,"2022-01-11"
C931263L,"2022-01-27"
C196853L,"2022-01-11"
C513701L,"2022-01-26"
C954660L,"2022-01-25"
C625201L,"2022-01-28"
C269004L,"2022-01-22"
C917760L,"2022-01-12"
C360295L,"2022-01-12"
C454802L,"2022-01-18"
C713972L,"2022-01-01"
C541149L,"2022-01-05"
C921228L,"2022-01-02"
C854213L,"2022-01-27"
C951902L,"2022-01-13"
C638768L,"2022-01-22"
C902805L,"2022-01-22"
C862302L,"2022-01-24"
C431005L,"2022-01-22"
C573259L,"2022-01-09"
C905299L,"2022-01-06"
C844769L,"2022-01-25"
C441523L,"2022-01-21"
C853288L,"2022-01-28"
C694728L,"2022-01-28"
C456367L,"2022-01-01"
C725830L,"2022-01-20"
C630744L,"2022-01-22"
C976932L,"2022-01-16"
C354051L,"2022-01-02"
C954117L,"2022-01-18"
C351531L,"2022-01-19"
C260177L,"2022-01-13"
C479915L,"2022-01-22"
C653184L,"2022-01-25"
C409050L,"2022-01-19"
C124053L,"2022-01-21"
C656885L,"2022-01-20"
C477884L,"2022-01-01"
C486123L,"2022-01-13"
C758455L,"2022-01-07"
C827470L,"2022-01-25"
C644653L,"2022-01-26"
C153430L,"2022-01-27"
C114766L,"2022-01-28"
C493263L,"2022-01-04"
C187532L,"2022-01-28"
C313534L,"2022-01-19"
C688480L,"2022-01-27"
C761951L,"2022-01-11"
C901131L,"2022-01-02"
C588309L,"2022-01-12"
C795657L,"2022-01-03"
C789047L,"2022-01-26"
C242882L,"2022-01-24"
C869172L,"2022-01-20"
C466135L,"2022-01-10"
C685666L,"2022-01-04"
C867277L,"2022-01-21"
C927765L,"2022-01-12"
C714340L,"2022-01-06"
C867930L,"2022-01-11"
C337184L,"2022-01-04"
C264899L,"2022-01-17"
C174527L,"2022-01-13"
C943435L,"2022-01-06"
C727522L,"2022-01-28"
C335101L,"2022-01-11"
C780297L,"2022-01-25"
C876106L,"2022-01-15"
C838657L,"2022-01-13"
C985957L,"2022-01-13"
C380601L,"2022-01-06"
C565719L,"2022-01-21"
C815084L,"2022-01-17"
C572270L,"2022-01-26"
C266750L,"2022-01-23"
C675106L,"2022-01-24"
C658753L,"2022-01-27"
C978166L,"2022-01-20"
C319070L,"2022-01-10"
C858876L,"2022-01-03"
C241633L,"2022-01-09"
C298129L,"2022-01-21"
C804277L,"2022-01-02"
C197222L,"2022-01-11"
C754752L,"2022-01-24"
C910877L,"2022-01-19"
C404912L,"2022-01-16"
C382393L,"2022-01-24"
C509831L,"2022-01-22"
C594854L,"2022-01-26"
C231714L,"2022-01-28"
C578429L,"2022-01-08"
C516599L,"2022-01-10"
C283648L,"2022-01-16"
C795594L,"2022-01-12"
C510095L,"2022-01-25"
C603038L,"2022-01-02"
C395575L,"2022-01-17"
C800316L,"2022-01-27"
C493516L,"2022-01-26"
C175290L,"2022-01-07"
C501549L,"2022-01-12"
C935913L,"2022-01-19"
C352856L,"2022-01-05"
C577018L,"2022-01-09"
C637916L,"2022-01-09"
C597119L,"2022-01-02"
C890492L,"2022-01-25"
C398448L,"2022-01-12"
C699837L,"2022-01-27"
C911330L,"2022-01-10"
C994155L,"2022-01-27"
C275052L,"2022-01-04"
C212002L,"2022-01-06"
C388087L,"2022-01-04"
C214095L,"2022-01-15"
C867913L,"2022-01-24"
C331049L,"2022-01-02"
C206078L,"2022-01-11"
C138865L,"2022-01-04"
C937928L,"2022-01-15"
C934101L,"2022-01-08"
C437043L,"2022-01-21"
C200057L,"2022-01-21"
C483318L,"2022-01-06"
C874059L,"2022-01-16"
C360986L,"2022-01-01"
C817363L,"2022-01-01"
C678807L,"2022-01-10"
C375470L,"2022-01-16"
C728795L,"2022-01-11"
C870086L,"2022-01-17"
C325626L,"2022-01-04"
C191359L,"2022-01-10"
C171667L,"2022-01-22"
C628207L,"2022-01-03"
C398810L,"2022-01-20"
C823922L,"2022-01-15"
C636068L,"2022-01-26"
C139500L,"2022-01-14"
C330571L,"2022-01-21"
C367827L,"2022-01-13"
C417461L,"2022-01-27"
C962578L,"2022-01-11"
C331075L,"2022-01-11"
C431390L,"2022-01-28"
C194983L,"2022-01-27"
C175120L,"2022-01-10"
C465936L,"2022-01-01"
C917631L,"2022-01-06"
C578872L,"2022-01-01"
C657141L,"2022-01-25"
C324312L,"2022-01-28"
C409981L,"2022-01-03"
C917797L,"2022-01-22"
C268849L,"2022-01-26"
C885445L,"2022-01-25"
C243874L,"2022-01-11"
C656414L,"2022-01-04"
C539850L,"2022-01-14"
C668230L,"2022-01-13"
C826850L,"2022-01-06"
C929625L,"2022-01-14"
C779761L,"2022-01-07"
C224765L,"2022-01-17"
C755472L,"2022-01-09"
C802541L,"2022-01-10"
C305512L,"2022-01-21"
C451523L,"2022-01-13"
C168876L,"2022-01-27"
C284729L,"2022-01-10"
C601525L,"2022-01-09"
C696271L,"2022-01-11"
C846752L,"2022-01-19"
C935068L,"2022-01-01"
C724582L,"2022-01-16"
C968454L,"2022-01-14"
C452564L,"2022-01-28"
C171924L,"2022-01-21"
C471143L,"2022-01-23"
C259517L,"2022-01-19"
C811149L,"2022-01-11"
C316366L,"2022-01-25"
C905217L,"2022-01-20"
C987789L,"2022-01-23"
C840493L,"2022-01-04"
C330342L,"2022-01-27"
C837184L,"2022-01-28"
C475876L,"2022-01-27"
C837617L,"2022-01-12"
C832040L,"2022-01-17"
C487094L,"2022-01-25"
C137528L,"2022-01-16"
C598964L,"2022-01-07"
C978527L,"2022-01-03"
C878882L,"2022-01-20"
C319615L,"2022-01-16"
C331164L,"2022-01-17"
C371644L,"2022-01-10"
C985612L,"2022-01-28"
C224432L,"2022-01-02"
C958375L,"2022-01-27"
C185779L,"2022-01-16"
C732924L,"2022-01-04"
C618216L,"2022-01-11"
C506838L,"2022-01-08"
C755258L,"2022-01-22"
C549188L,"2022-02-13"
C504943L,"2022-02-23"
C832673L,"2022-02-10"
C270876L,"2022-02-15"
C352450L,"2022-02-09"
C882579L,"2022-02-25"
C689062L,"2022-02-12"
C468516L,"2022-02-03"
C714613L,"2022-02-26"
C862736L,"2022-02-12"
C267349L,"2022-02-12"
C465263L,"2022-02-01"
C784312L,"2022-02-18"
C749236L,"2022-02-25"
C950218L,"2022-02-06"
C186186L,"2022-02-15"
C955474L,"2022-02-15"
C681745L,"2022-02-04"
C296709L,"2022-02-18"
C123091L,"2022-02-05"
C141366L,"2022-02-17"
C868361L,"2022-02-18"
C812198L,"2022-02-21"
C423010L,"2022-02-09"
C253008L,"2022-02-08"
C774677L,"2022-02-01"
C423193L,"2022-02-03"
C487528L,"2022-02-22"
C205939L,"2022-02-10"
C972704L,"2022-02-10"
C728469L,"2022-02-15"
C118268L,"2022-02-20"
C448063L,"2022-02-15"
C354503L,"2022-02-07"
C553551L,"2022-02-25"
C202773L,"2022-02-19"
C838910L,"2022-02-01"
C995774L,"2022-02-18"
C337702L,"2022-02-05"
C636477L,"2022-02-24"
C898579L,"2022-02-19"
C559720L,"2022-02-09"
C837608L,"2022-02-19"
C878727L,"2022-02-15"
C358152L,"2022-02-24"
C363969L,"2022-02-24"
C308989L,"2022-02-18"
C724832L,"2022-02-15"
C962021L,"2022-02-09"
C914122L,"2022-02-08"
C877022L,"2022-02-02"
C374285L,"2022-02-25"
C290414L,"2022-02-28"
C373264L,"2022-02-17"
C607972L,"2022-02-27"
C569230L,"2022-02-01"
C210865L,"2022-02-18"
C923683L,"2022-02-26"
C220767L,"2022-02-19"
C690107L,"2022-02-22"
C827569L,"2022-02-06"
C630421L,"2022-02-19"
C818315L,"2022-02-20"
C184584L,"2022-02-25"
C447712L,"2022-02-24"
C362680L,"2022-02-21"
C256469L,"2022-02-09"
C222231L,"2022-02-01"
C153551L,"2022-02-26"
C280961L,"2022-02-09"
C675127L,"2022-02-16"
C966663L,"2022-02-23"
C936078L,"2022-02-01"
C221220L,"2022-02-19"
C996869L,"2022-02-10"
C513079L,"2022-02-09"
C982843L,"2022-02-19"
C615419L,"2022-02-20"
C197481L,"2022-02-01"
C520646L,"2022-02-27"
C854773L,"2022-02-22"
C874790L,"2022-02-10"
C939704L,"2022-02-09"
C836769L,"2022-02-23"
C770531L,"2022-02-27"
C738783L,"2022-02-27"
C725701L,"2022-02-02"
C729711L,"2022-02-03"
C220760L,"2022-02-11"
C174885L,"2022-02-13"
C334923L,"2022-02-23"
C296844L,"2022-02-21"
C421319L,"2022-02-02"
C544288L,"2022-02-02"
C655655L,"2022-02-09"
C313074L,"2022-02-08"
C791179L,"2022-02-04"
C265450L,"2022-02-17"
C136019L,"2022-02-10"
C432478L,"2022-02-02"
C836966L,"2022-02-02"
C266463L,"2022-02-15"
C318338L,"2022-02-23"
C629303L,"2022-02-04"
C835970L,"2022-02-25"
C382697L,"2022-02-01"
C634209L,"2022-02-19"
C191776L,"2022-02-27"
C349467L,"2022-02-21"
C610215L,"2022-02-12"
C607754L,"2022-02-18"
C626266L,"2022-02-25"
C735207L,"2022-02-16"
C417708L,"2022-02-14"
C932357L,"2022-02-01"
C822661L,"2022-02-28"
C437385L,"2022-02-28"
C596609L,"2022-02-01"
C336567L,"2022-02-03"
C430739L,"2022-02-02"
C180092L,"2022-02-10"
C317311L,"2022-02-09"
C160662L,"2022-02-14"
C600944L,"2022-02-24"
C522805L,"2022-02-17"
C517770L,"2022-02-22"
C560166L,"2022-02-28"
C686342L,"2022-02-16"
C329062L,"2022-02-09"
C854979L,"2022-02-04"
C702867L,"2022-02-09"
C875125L,"2022-02-04"
C680109L,"2022-02-05"
C128520L,"2022-02-06"
C522289L,"2022-02-10"
C579669L,"2022-02-23"
C574804L,"2022-02-13"
C264023L,"2022-02-15"
C581735L,"2022-02-09"
C558736L,"2022-02-27"
C114871L,"2022-02-17"
C290034L,"2022-02-12"
C505505L,"2022-02-24"
C664685L,"2022-02-09"
C892614L,"2022-02-08"
C851879L,"2022-02-05"
C641048L,"2022-02-15"
C684498L,"2022-02-27"
C724475L,"2022-02-19"
C435019L,"2022-02-10"
C113448L,"2022-02-25"
C231527L,"2022-02-01"
C386951L,"2022-02-04"
C127811L,"2022-02-28"
C139135L,"2022-02-17"
C942480L,"2022-02-24"
C813690L,"2022-02-21"
C783608L,"2022-02-13"
C826722L,"2022-02-22"
C567297L,"2022-02-26"
C713173L,"2022-02-16"
C589485L,"2022-02-15"
C536852L,"2022-02-16"
C167482L,"2022-02-17"
C242250L,"2022-02-03"
C735415L,"2022-02-14"
C433996L,"2022-02-17"
C873482L,"2022-02-18"
C379450L,"2022-02-02"
C883838L,"2022-02-26"
C547456L,"2022-02-04"
C564260L,"2022-02-23"
C601564L,"2022-02-07"
C727310L,"2022-02-27"
C902445L,"2022-02-18"
C454160L,"2022-02-16"
C919468L,"2022-02-23"
C934098L,"2022-02-19"
C192819L,"2022-02-06"
C714124L,"2022-02-26"
C418656L,"2022-02-08"
C383377L,"2022-02-24"
C837518L,"2022-02-17"
C616555L,"2022-02-13"
C321785L,"2022-02-11"
C515694L,"2022-02-26"
C269011L,"2022-02-27"
C595698L,"2022-02-01"
C277620L,"2022-02-21"
C291019L,"2022-02-14"
C821363L,"2022-02-23"
C489717L,"2022-02-13"
C678763L,"2022-02-18"
C774952L,"2022-02-05"
C377576L,"2022-02-02"
C821190L,"2022-02-02"
C415413L,"2022-02-07"
C934459L,"2022-02-25"
C306419L,"2022-02-21"
C650707L,"2022-02-22"
C355658L,"2022-02-05"
C129961L,"2022-02-09"
C309123L,"2022-02-11"
C483534L,"2022-02-09"
C468569L,"2022-02-15"
C617345L,"2022-02-01"
C334571L,"2022-02-25"
C679223L,"2022-02-20"
C579215L,"2022-02-12"
C364511L,"2022-02-06"
C732178L,"2022-02-18"
C661506L,"2022-02-27"
C913601L,"2022-02-26"
C816989L,"2022-02-03"
C422663L,"2022-02-14"
C605914L,"2022-02-11"
C683325L,"2022-02-23"
C839869L,"2022-02-25"
C896131L,"2022-03-05"
C693623L,"2022-03-05"
C871706L,"2022-03-27"
C504457L,"2022-03-12"
C869011L,"2022-03-28"
C995184L,"2022-03-14"
C353508L,"2022-03-06"
C119857L,"2022-03-21"
C670878L,"2022-03-15"
C956932L,"2022-03-01"
C677243L,"2022-03-08"
C577641L,"2022-03-20"
C835942L,"2022-03-15"
C706324L,"2022-03-24"
C875187L,"2022-03-25"
C506255L,"2022-03-17"
C462915L,"2022-03-01"
C787096L,"2022-03-09"
C516304L,"2022-03-20"
C683002L,"2022-03-08"
C709206L,"2022-03-20"
C822501L,"2022-03-25"
C474287L,"2022-03-16"
C900524L,"2022-03-27"
C742231L,"2022-03-08"
C182760L,"2022-03-06"
C767192L,"2022-03-19"
C303166L,"2022-03-26"
C279368L,"2022-03-24"
C637883L,"2022-03-13"
C660544L,"2022-03-07"
C134876L,"2022-03-28"
C660512L,"2022-03-08"
C951338L,"2022-03-27"
C575975L,"2022-03-02"
C313446L,"2022-03-11"
C373286L,"2022-03-25"
C970510L,"2022-03-20"
C514321L,"2022-03-04"
C438548L,"2022-03-20"
C862619L,"2022-03-03"
C413943L,"2022-03-04"
C824702L,"2022-03-16"
C178431L,"2022-03-17"
C402794L,"2022-03-25"
C759123L,"2022-03-10"
C289731L,"2022-03-22"
C393272L,"2022-03-02"
C940154L,"2022-03-17"
C156665L,"2022-03-22"
C306006L,"2022-03-23"
C979878L,"2022-03-13"
C446430L,"2022-03-10"
C835857L,"2022-03-04"
C952100L,"2022-03-22"
C654478L,"2022-03-28"
C855457L,"2022-03-08"
C455218L,"2022-03-15"
C907159L,"2022-03-26"
C288152L,"2022-03-17"
C330163L,"2022-03-11"
C943932L,"2022-03-22"
C248407L,"2022-03-22"
C683691L,"2022-03-13"
C990726L,"2022-03-16"
C735964L,"2022-03-11"
C360321L,"2022-03-22"
C431468L,"2022-03-09"
C147249L,"2022-03-02"
C835751L,"2022-03-26"
C865561L,"2022-03-23"
C670896L,"2022-03-12"
C912151L,"2022-03-17"
C983372L,"2022-03-18"
C548863L,"2022-03-20"
C744728L,"2022-03-08"
C419203L,"2022-03-20"
C715033L,"2022-03-11"
C325085L,"2022-03-04"
C169455L,"2022-03-24"
C394968L,"2022-03-26"
C993996L,"2022-03-22"
C667533L,"2022-03-17"
C927578L,"2022-03-10"
C738648L,"2022-03-08"
C902626L,"2022-03-09"
C594573L,"2022-03-18"
C568016L,"2022-03-24"
C967540L,"2022-03-07"
C172503L,"2022-03-12"
C401539L,"2022-03-19"
C839720L,"2022-03-19"
C549224L,"2022-03-12"
C993688L,"2022-03-16"
C733350L,"2022-03-28"
C863590L,"2022-03-10"
C571352L,"2022-03-12"
C606674L,"2022-03-14"
C866250L,"2022-03-27"
C953757L,"2022-03-22"
C955247L,"2022-03-22"
C300246L,"2022-03-22"
C360250L,"2022-03-17"
C308797L,"2022-03-23"
C430862L,"2022-03-22"
C859598L,"2022-03-02"
C844249L,"2022-03-19"
C621459L,"2022-03-21"
C636267L,"2022-03-01"
C649227L,"2022-03-17"
C992247L,"2022-03-12"
C364393L,"2022-03-12"
C762827L,"2022-03-05"
C507015L,"2022-03-27"
C318171L,"2022-03-09"
C541864L,"2022-03-22"
C872680L,"2022-03-13"
C742109L,"2022-03-15"
C908781L,"2022-03-12"
C765319L,"2022-03-15"
C937013L,"2022-03-22"
C198678L,"2022-03-10"
C205341L,"2022-03-04"
C936258L,"2022-03-19"
C543153L,"2022-03-04"
C955201L,"2022-03-27"
C757268L,"2022-03-28"
C875032L,"2022-03-25"
C289852L,"2022-03-26"
C812535L,"2022-03-04"
C287400L,"2022-03-27"
C213152L,"2022-03-23"
C415752L,"2022-03-21"
C799968L,"2022-03-05"
C263339L,"2022-03-28"
C694063L,"2022-03-28"
C711121L,"2022-03-17"
C333379L,"2022-03-14"
C911481L,"2022-03-22"
C954205L,"2022-03-21"
C536052L,"2022-03-19"
C355869L,"2022-03-23"
C170618L,"2022-03-13"
C707750L,"2022-03-28"
C421227L,"2022-03-25"
C958358L,"2022-03-04"
C381049L,"2022-03-05"
C693125L,"2022-03-26"
C292043L,"2022-03-15"
C817633L,"2022-03-04"
C302068L,"2022-03-09"
C560607L,"2022-03-18"
C828137L,"2022-03-19"
C616920L,"2022-03-05"
C994467L,"2022-03-15"
C476999L,"2022-03-14"
C144554L,"2022-03-13"
C875920L,"2022-03-07"
C540389L,"2022-03-05"
C355195L,"2022-03-15"
C910116L,"2022-03-15"
C157342L,"2022-03-02"
C623160L,"2022-03-12"
C139066L,"2022-03-25"
C995583L,"2022-03-02"
C840288L,"2022-03-21"
C534632L,"2022-03-14"
C133603L,"2022-03-04"
C437231L,"2022-03-10"
C371890L,"2022-03-27"
C271561L,"2022-03-06"
C501840L,"2022-03-14"
C309355L,"2022-03-16"
C527463L,"2022-03-19"
C875408L,"2022-03-05"
C287024L,"2022-03-07"
C168628L,"2022-03-06"
C976222L,"2022-03-10"
C799285L,"2022-03-02"
C574874L,"2022-03-07"
C534503L,"2022-03-21"
C685247L,"2022-03-17"
C493539L,"2022-03-07"
C287258L,"2022-03-06"
C262624L,"2022-03-16"
C538697L,"2022-03-16"
C317326L,"2022-03-03"
C566964L,"2022-03-14"
C505171L,"2022-03-01"
C251748L,"2022-03-06"
C461689L,"2022-03-07"
C499993L,"2022-03-15"
C284309L,"2022-03-17"
C146204L,"2022-03-06"
C983438L,"2022-03-11"
C170689L,"2022-03-26"
C749538L,"2022-03-13"
C496529L,"2022-03-10"
C298284L,"2022-03-27"
C809453L,"2022-03-23"
C737717L,"2022-03-01"
C533294L,"2022-03-14"
C276832L,"2022-03-18"
C347383L,"2022-03-11"
C340781L,"2022-03-02"
C176299L,"2022-03-02"
C587425L,"2022-03-22"
C681607L,"2022-03-15"
C650820L,"2022-03-21"
C844500L,"2022-03-14"
C137924L,"2022-03-16"
C766365L,"2022-03-21"
C370936L,"2022-03-02"
C827455L,"2022-03-15"
C945602L,"2022-03-08"
C134982L,"2022-03-05"
C631417L,"2022-03-07"
C495199L,"2022-03-11"
C856647L,"2022-03-03"
C745528L,"2022-03-05"
C787582L,"2022-03-02"
C413047L,"2022-03-12"
C866995L,"2022-03-01"
C506457L,"2022-03-16"
C444189L,"2022-03-05"
C928388L,"2022-03-10"
C926914L,"2022-03-14"
C617555L,"2022-03-19"
C119111L,"2022-03-07"
C881612L,"2022-03-13"
C159766L,"2022-03-20"
C354470L,"2022-03-20"
C301066L,"2022-03-13"
C502254L,"2022-03-12"
C206269L,"2022-03-13"
C615063L,"2022-03-11"
C654029L,"2022-03-19"
C181565L,"2022-03-01"
C645817L,"2022-03-06"
C920427L,"2022-03-14"
C732158L,"2022-03-23"
C864263L,"2022-03-28"
C374186L,"2022-03-05"
C575920L,"2022-03-24"
C818619L,"2022-03-22"
C221826L,"2022-03-27"
C925101L,"2022-03-28"
C115338L,"2022-03-18"
C168098L,"2022-03-27"
C387425L,"2022-03-13"
C197331L,"2022-03-23"
C545786L,"2022-04-11"
C607344L,"2022-04-08"
C504470L,"2022-04-11"
C733738L,"2022-04-21"
C168992L,"2022-04-10"
C746446L,"2022-04-03"
C494613L,"2022-04-11"
C280043L,"2022-04-04"
C130061L,"2022-04-08"
C901601L,"2022-04-04"
C180988L,"2022-04-16"
C588962L,"2022-04-01"
C666013L,"2022-04-22"
C409862L,"2022-04-27"
C599812L,"2022-04-04"
C137118L,"2022-04-05"
C273843L,"2022-04-20"
C685409L,"2022-04-27"
C666340L,"2022-04-19"
C461801L,"2022-04-08"
C655824L,"2022-04-08"
C695771L,"2022-04-05"
C740131L,"2022-04-15"
C536359L,"2022-04-22"
C371673L,"2022-04-03"
C388058L,"2022-04-17"
C890155L,"2022-04-09"
C520835L,"2022-04-03"
C519036L,"2022-04-16"
C390635L,"2022-04-23"
C242328L,"2022-04-19"
C137982L,"2022-04-02"
C244068L,"2022-04-25"
C923763L,"2022-04-08"
C678154L,"2022-04-23"
C127184L,"2022-04-09"
C365512L,"2022-04-02"
C190902L,"2022-04-19"
C457308L,"2022-04-21"
C488014L,"2022-04-19"
C879647L,"2022-04-09"
C539086L,"2022-04-19"
C536378L,"2022-04-25"
C449403L,"2022-04-13"
C734683L,"2022-04-16"
C817964L,"2022-04-27"
C365826L,"2022-04-24"
C452972L,"2022-04-21"
C143245L,"2022-04-10"
C397885L,"2022-04-24"
C650769L,"2022-04-14"
C182622L,"2022-04-08"
C252035L,"2022-04-11"
C373791L,"2022-04-22"
C737801L,"2022-04-23"
C200120L,"2022-04-10"
C766565L,"2022-04-04"
C749653L,"2022-04-23"
C861782L,"2022-04-22"
C242838L,"2022-04-04"
C312237L,"2022-04-02"
C774989L,"2022-04-15"
C956206L,"2022-04-15"
C132041L,"2022-04-05"
C812323L,"2022-04-23"
C143092L,"2022-04-20"
C766353L,"2022-04-20"
C741034L,"2022-04-23"
C356966L,"2022-04-22"
C764741L,"2022-04-20"
C787008L,"2022-04-22"
C145094L,"2022-04-26"
C249483L,"2022-04-21"
C823087L,"2022-04-26"
C964914L,"2022-04-12"
C331122L,"2022-04-09"
C908803L,"2022-04-20"
C937189L,"2022-04-13"
C841181L,"2022-04-21"
C475080L,"2022-04-27"
C115156L,"2022-04-27"
C738655L,"2022-04-15"
C415003L,"2022-04-06"
C414678L,"2022-04-08"
C626607L,"2022-04-17"
C628245L,"2022-04-12"
C375089L,"2022-04-18"
C331662L,"2022-04-01"
C615777L,"2022-04-25"
C843167L,"2022-04-20"
C123638L,"2022-04-19"
C424077L,"2022-04-25"
C693415L,"2022-04-12"
C601204L,"2022-04-28"
C610206L,"2022-04-12"
C363012L,"2022-04-16"
C130292L,"2022-04-28"
C422171L,"2022-04-22"
C169476L,"2022-04-28"
C653797L,"2022-04-03"
C682272L,"2022-04-20"
C799927L,"2022-04-01"
C819397L,"2022-04-05"
C276022L,"2022-04-09"
C486028L,"2022-04-08"
C146757L,"2022-04-08"
C510816L,"2022-04-14"
C824683L,"2022-04-14"
C224183L,"2022-04-07"
C543751L,"2022-04-24"
C960097L,"2022-04-10"
C813380L,"2022-04-05"
C577894L,"2022-04-22"
C570200L,"2022-04-04"
C150251L,"2022-04-05"
C180595L,"2022-04-22"
C285417L,"2022-04-18"
C634098L,"2022-04-03"
C584267L,"2022-04-16"
C228751L,"2022-04-17"
C747623L,"2022-04-20"
C865334L,"2022-04-24"
C984747L,"2022-04-17"
C189167L,"2022-04-20"
C624203L,"2022-04-17"
C871391L,"2022-04-17"
C317585L,"2022-04-25"
C913727L,"2022-04-06"
C612225L,"2022-04-24"
C261650L,"2022-04-14"
C756592L,"2022-04-15"
C145580L,"2022-04-08"
C689707L,"2022-04-13"
C849015L,"2022-04-01"
C489513L,"2022-04-07"
C318908L,"2022-04-04"
C355709L,"2022-04-10"
C594887L,"2022-04-16"
C566168L,"2022-04-09"
C305124L,"2022-04-14"
C246788L,"2022-04-06"
C558438L,"2022-04-24"
C817637L,"2022-04-25"
C514596L,"2022-04-09"
C864684L,"2022-04-04"
C904890L,"2022-04-05"
C543214L,"2022-04-20"
C499796L,"2022-04-06"
C352171L,"2022-04-20"
C162016L,"2022-04-27"
C618173L,"2022-04-17"
C116575L,"2022-04-28"
C388303L,"2022-04-07"
C508875L,"2022-04-23"
C805886L,"2022-04-13"
C370584L,"2022-04-01"
C165124L,"2022-04-01"
C233836L,"2022-04-20"
C278206L,"2022-04-18"
C766077L,"2022-04-21"
C640667L,"2022-04-11"
C371126L,"2022-04-14"
C580039L,"2022-04-25"
C860548L,"2022-04-27"
C127081L,"2022-04-22"
C214179L,"2022-04-03"
C297572L,"2022-04-20"
C498440L,"2022-04-24"
C628603L,"2022-04-24"
C765928L,"2022-04-03"
C909857L,"2022-04-02"
C590925L,"2022-04-19"
C125637L,"2022-04-05"
C525578L,"2022-04-03"
C396511L,"2022-04-10"
C130579L,"2022-04-16"
C297159L,"2022-04-13"
C310610L,"2022-04-18"
C900279L,"2022-04-25"
C557586L,"2022-04-03"
C137305L,"2022-04-16"
C275774L,"2022-04-27"
C288695L,"2022-04-06"
C129183L,"2022-04-04"
C563598L,"2022-04-25"
C600915L,"2022-04-27"
C858616L,"2022-04-15"
C752545L,"2022-04-17"
C836809L,"2022-04-27"
C784177L,"2022-04-07"
C391465L,"2022-04-16"
C440667L,"2022-04-27"
C926482L,"2022-04-08"
C297614L,"2022-04-02"
C122312L,"2022-04-24"
C289850L,"2022-04-16"
C738195L,"2022-04-11"
C745297L,"2022-04-24"
C475398L,"2022-04-06"
C164603L,"2022-04-22"
C439080L,"2022-04-23"
C805381L,"2022-04-13"
C862627L,"2022-04-10"
C246740L,"2022-04-16"
C781833L,"2022-04-24"
C479569L,"2022-04-24"
C259307L,"2022-04-02"
C934224L,"2022-05-08"
C297208L,"2022-05-11"
C475783L,"2022-05-01"
C800136L,"2022-05-04"
C827195L,"2022-05-23"
C816287L,"2022-05-18"
C961402L,"2022-05-19"
C435250L,"2022-05-28"
C643176L,"2022-05-06"
C120098L,"2022-05-21"
C653936L,"2022-05-25"
C117628L,"2022-05-16"
C453519L,"2022-05-01"
C919265L,"2022-05-27"
C944877L,"2022-05-21"
C322598L,"2022-05-17"
C402221L,"2022-05-28"
C890814L,"2022-05-20"
C556985L,"2022-05-26"
C795882L,"2022-05-02"
C280189L,"2022-05-19"
C253252L,"2022-05-21"
C150198L,"2022-05-13"
C461943L,"2022-05-09"
C966450L,"2022-05-14"
C175409L,"2022-05-05"
C904399L,"2022-05-16"
C813440L,"2022-05-03"
C715327L,"2022-05-26"
C954865L,"2022-05-26"
C807888L,"2022-05-22"
C198991L,"2022-05-11"
C189126L,"2022-05-01"
C427430L,"2022-05-25"
C795421L,"2022-05-26"
C555478L,"2022-05-17"
C338436L,"2022-05-21"
C539377L,"2022-05-22"
C850251L,"2022-05-22"
C536383L,"2022-05-06"
C869608L,"2022-05-27"
C730593L,"2022-05-08"
C538976L,"2022-05-20"
C317146L,"2022-05-03"
C268356L,"2022-05-15"
C268664L,"2022-05-04"
C296643L,"2022-05-08"
C485651L,"2022-05-20"
C881387L,"2022-05-08"
C563099L,"2022-05-12"
C539859L,"2022-05-28"
C673426L,"2022-05-21"
C228470L,"2022-05-28"
C192570L,"2022-05-11"
C139143L,"2022-05-16"
C404107L,"2022-05-22"
C444739L,"2022-05-24"
C287945L,"2022-05-11"
C479492L,"2022-05-19"
C116160L,"2022-05-05"
C706912L,"2022-05-09"
C444944L,"2022-05-10"
C862535L,"2022-05-18"
C242737L,"2022-05-20"
C830977L,"2022-05-26"
C561993L,"2022-05-10"
C254201L,"2022-05-15"
C344605L,"2022-05-23"
C736100L,"2022-05-13"
C816773L,"2022-05-12"
C838641L,"2022-05-12"
C263063L,"2022-05-24"
C355357L,"2022-05-01"
C862094L,"2022-05-13"
C849804L,"2022-05-21"
C370534L,"2022-05-22"
C450606L,"2022-05-19"
C111808L,"2022-05-23"
C713963L,"2022-05-04"
C376735L,"2022-05-24"
C622272L,"2022-05-19"
C388624L,"2022-05-27"
C327170L,"2022-05-23"
C400500L,"2022-05-01"
C341700L,"2022-05-19"
C652463L,"2022-05-26"
C186133L,"2022-05-19"
C555148L,"2022-05-08"
C300966L,"2022-05-16"
C225030L,"2022-05-05"
C282103L,"2022-05-06"
C653993L,"2022-05-01"
C509242L,"2022-05-28"
C283740L,"2022-05-03"
C415068L,"2022-05-09"
C182772L,"2022-05-07"
C740296L,"2022-05-24"
C272818L,"2022-05-07"
C249528L,"2022-05-15"
C471304L,"2022-05-13"
C378820L,"2022-05-12"
C589059L,"2022-05-06"
C701690L,"2022-05-06"
C957057L,"2022-05-12"
C213587L,"2022-05-28"
C955805L,"2022-05-23"
C904633L,"2022-05-19"
C620104L,"2022-05-17"
C299714L,"2022-05-02"
C446527L,"2022-05-11"
C779296L,"2022-05-04"
C455118L,"2022-05-28"
C792683L,"2022-05-23"
C432709L,"2022-05-10"
C813497L,"2022-05-14"
C536377L,"2022-05-10"
C340278L,"2022-05-14"
C189692L,"2022-05-02"
C884094L,"2022-05-20"
C806991L,"2022-05-20"
C329226L,"2022-05-18"
C314395L,"2022-05-06"
C575719L,"2022-05-01"
C890325L,"2022-05-02"
C662698L,"2022-05-06"
C500995L,"2022-05-11"
C325107L,"2022-05-03"
C930868L,"2022-05-15"
C253783L,"2022-05-04"
C353808L,"2022-05-09"
C535886L,"2022-05-17"
C306772L,"2022-05-02"
C671304L,"2022-05-24"
C363835L,"2022-05-24"
C521295L,"2022-05-04"
C759150L,"2022-05-17"
C949094L,"2022-05-15"
C538751L,"2022-05-10"
C719440L,"2022-05-16"
C261226L,"2022-05-17"
C540855L,"2022-05-06"
C954151L,"2022-05-17"
C226430L,"2022-05-08"
C217289L,"2022-05-07"
C426132L,"2022-05-25"
C388719L,"2022-05-24"
C593294L,"2022-05-07"
C337705L,"2022-05-01"
C862596L,"2022-05-02"
C284316L,"2022-05-17"
C690725L,"2022-05-04"
C454055L,"2022-05-13"
C192846L,"2022-05-07"
C822231L,"2022-05-21"
C749915L,"2022-05-23"
C368601L,"2022-05-04"
C152073L,"2022-05-15"
C755329L,"2022-05-02"
C963796L,"2022-05-04"
C825985L,"2022-05-16"
C818119L,"2022-05-11"
C421236L,"2022-05-21"
C763103L,"2022-05-24"
C824945L,"2022-05-28"
C405772L,"2022-05-02"
C665170L,"2022-05-26"
C850185L,"2022-05-07"
C773860L,"2022-05-19"
C559026L,"2022-05-17"
C697369L,"2022-05-19"
C271135L,"2022-05-08"
C522507L,"2022-05-27"
C660912L,"2022-05-06"
C544122L,"2022-05-13"
C262851L,"2022-05-23"
C186576L,"2022-05-19"
C511061L,"2022-05-17"
C154448L,"2022-05-02"
C552927L,"2022-05-27"
C684117L,"2022-05-06"
C491806L,"2022-05-04"
C990535L,"2022-05-03"
C853448L,"2022-05-05"
C342926L,"2022-05-16"
C829183L,"2022-05-27"
C700241L,"2022-05-05"
C175928L,"2022-05-13"
C350955L,"2022-05-22"
C693323L,"2022-05-18"
C814555L,"2022-05-24"
C866875L,"2022-05-17"
C465666L,"2022-05-05"
C778147L,"2022-05-15"
C652064L,"2022-05-15"
C566330L,"2022-05-10"
C533504L,"2022-05-12"
C904928L,"2022-05-18"
C269751L,"2022-05-04"
C439027L,"2022-05-20"
C246762L,"2022-05-08"
C723722L,"2022-05-03"
C700565L,"2022-05-20"
C923141L,"2022-05-08"
C907186L,"2022-05-08"
C618250L,"2022-05-14"
C382290L,"2022-05-15"
C565100L,"2022-05-07"
C744990L,"2022-05-21"
C712686L,"2022-05-16"
C387663L,"2022-05-02"
C225454L,"2022-05-12"
C717684L,"2022-05-05"
C795919L,"2022-05-08"
C410720L,"2022-05-19"
C174733L,"2022-05-14"
C312859L,"2022-05-05"
C692439L,"2022-05-21"
C330641L,"2022-05-19"
C826406L,"2022-05-04"
C289178L,"2022-05-11"
C314557L,"2022-05-13"
C844272L,"2022-05-05"
C795052L,"2022-05-18"
C516797L,"2022-05-05"
C434751L,"2022-05-02"
C522216L,"2022-05-12"
C940970L,"2022-05-18"
C499098L,"2022-05-11"
C821685L,"2022-05-15"
C304906L,"2022-05-01"
C549342L,"2022-05-20"
C936402L,"2022-05-03"
C249842L,"2022-05-03"
C316209L,"2022-05-26"
C878612L,"2022-05-21"
C490081L,"2022-05-09"
C438206L,"2022-05-25"
C642425L,"2022-05-11"
C131997L,"2022-05-18"
C464051L,"2022-05-06"
C638038L,"2022-05-08"
C464900L,"2022-05-15"
C130469L,"2022-05-23"
C157296L,"2022-05-23"
C912380L,"2022-05-22"
C333874L,"2022-05-03"
C553296L,"2022-05-12"
C196682L,"2022-05-09"
C810568L,"2022-05-10"
C460610L,"2022-05-16"
C309247L,"2022-05-08"
C332643L,"2022-05-24"
C211322L,"2022-05-07"
C593574L,"2022-05-08"
C832050L,"2022-05-05"
C203840L,"2022-05-20"
C562441L,"2022-05-26"
C575072L,"2022-05-17"
C307257L,"2022-05-07"
C178509L,"2022-05-04"
C827330L,"2022-05-18"
C969588L,"2022-05-07"
C245316L,"2022-05-16"
C894573L,"2022-05-05"
C974881L,"2022-05-01"
C368658L,"2022-05-19"
C803642L,"2022-05-24"
C820507L,"2022-05-07"
C647975L,"2022-05-12"
C554024L,"2022-05-09"
C451930L,"2022-05-13"
C354444L,"2022-05-26"
C562870L,"2022-05-11"
C868076L,"2022-05-11"
C552222L,"2022-05-04"
C863732L,"2022-05-26"
C610917L,"2022-05-04"
C727494L,"2022-05-24"
C156959L,"2022-05-04"
C194982L,"2022-05-25"
C900615L,"2022-05-28"
C641308L,"2022-05-16"
C176332L,"2022-05-06"
C287376L,"2022-05-28"
C671880L,"2022-05-22"
C317259L,"2022-05-04"
C193256L,"2022-05-06"
C499813L,"2022-05-03"
C879247L,"2022-05-11"
C146794L,"2022-05-21"
C247409L,"2022-05-23"
C188448L,"2022-05-18"
C263110L,"2022-05-26"
C519112L,"2022-06-24"
C965864L,"2022-06-17"
C287856L,"2022-06-16"
C373284L,"2022-06-14"
C950477L,"2022-06-20"
C913874L,"2022-06-05"
C341015L,"2022-06-18"
C654926L,"2022-06-19"
C391618L,"2022-06-02"
C715337L,"2022-06-11"
C321679L,"2022-06-10"
C375799L,"2022-06-04"
C765777L,"2022-06-05"
C635713L,"2022-06-11"
C115470L,"2022-06-11"
C678199L,"2022-06-02"
C992994L,"2022-06-08"
C265629L,"2022-06-18"
C812812L,"2022-06-16"
C928110L,"2022-06-08"
C533080L,"2022-06-09"
C326061L,"2022-06-21"
C529841L,"2022-06-16"
C240853L,"2022-06-02"
C264319L,"2022-06-04"
C628392L,"2022-06-08"
C887786L,"2022-06-09"
C449730L,"2022-06-26"
C601425L,"2022-06-13"
C214165L,"2022-06-16"
C796755L,"2022-06-22"
C697518L,"2022-06-06"
C143396L,"2022-06-06"
C585116L,"2022-06-16"
C678301L,"2022-06-01"
C560959L,"2022-06-01"
C247380L,"2022-06-02"
C491588L,"2022-06-07"
C185073L,"2022-06-14"
C174427L,"2022-06-18"
C948604L,"2022-06-22"
C458563L,"2022-06-13"
C713431L,"2022-06-22"
C978790L,"2022-06-22"
C658999L,"2022-06-02"
C438346L,"2022-06-13"
C141121L,"2022-06-19"
C491779L,"2022-06-23"
C269025L,"2022-06-21"
C549364L,"2022-06-17"
C855079L,"2022-06-12"
C533158L,"2022-06-25"
C930191L,"2022-06-04"
C657376L,"2022-06-05"
C440306L,"2022-06-23"
C888281L,"2022-06-05"
C665146L,"2022-06-27"
C413469L,"2022-06-09"
C248905L,"2022-06-05"
C735448L,"2022-06-06"
C460487L,"2022-06-21"
C144215L,"2022-06-14"
C344377L,"2022-06-06"
C606418L,"2022-06-25"
C537394L,"2022-06-02"
C403740L,"2022-06-14"
C606851L,"2022-06-05"
C883602L,"2022-06-12"
C118563L,"2022-06-07"
C944560L,"2022-06-22"
C870613L,"2022-06-10"
C541932L,"2022-06-05"
C216573L,"2022-06-10"
C825085L,"2022-06-05"
C691189L,"2022-06-21"
C150653L,"2022-06-07"
C455662L,"2022-06-09"
C560133L,"2022-06-25"
C719704L,"2022-06-18"
C306430L,"2022-06-20"
C609754L,"2022-06-22"
C420873L,"2022-06-22"
C451335L,"2022-06-11"
C630762L,"2022-06-19"
C809015L,"2022-06-13"
C491883L,"2022-06-26"
C402823L,"2022-06-15"
C949082L,"2022-06-21"
C534934L,"2022-06-14"
C798016L,"2022-06-05"
C576787L,"2022-06-20"
C329646L,"2022-06-02"
C293646L,"2022-06-02"
C856545L,"2022-06-25"
C318081L,"2022-06-17"
C785729L,"2022-06-15"
C535715L,"2022-06-28"
C480341L,"2022-06-25"
C301616L,"2022-06-25"
C653565L,"2022-06-09"
C279591L,"2022-06-02"
C174413L,"2022-06-14"
C981321L,"2022-06-09"
C725037L,"2022-06-20"
C129799L,"2022-06-01"
C837241L,"2022-06-11"
C303491L,"2022-06-01"
C865882L,"2022-06-14"
C361493L,"2022-06-28"
C180508L,"2022-06-18"
C885913L,"2022-06-16"
C452344L,"2022-06-01"
C425404L,"2022-06-08"
C131864L,"2022-06-16"
C655359L,"2022-06-03"
C410131L,"2022-06-09"
C624297L,"2022-06-13"
C169465L,"2022-06-27"
C339498L,"2022-06-19"
C988571L,"2022-06-17"
C505120L,"2022-06-08"
C744751L,"2022-06-19"
C196161L,"2022-06-12"
C297858L,"2022-06-20"
C617057L,"2022-06-03"
C667472L,"2022-06-23"
C241052L,"2022-06-01"
C323025L,"2022-06-28"
C357056L,"2022-06-26"
C686513L,"2022-06-16"
C708585L,"2022-06-19"
C234358L,"2022-06-17"
C367865L,"2022-06-21"
C336752L,"2022-06-11"
C483017L,"2022-06-24"
C572593L,"2022-06-12"
C432189L,"2022-06-10"
C469380L,"2022-06-15"
C588150L,"2022-06-04"
C714630L,"2022-06-24"
C552065L,"2022-06-27"
C687298L,"2022-06-09"
C640730L,"2022-06-12"
C902927L,"2022-06-25"
C906123L,"2022-06-13"
C903814L,"2022-06-14"
C787211L,"2022-06-22"
C254504L,"2022-06-06"
C821812L,"2022-06-06"
C791660L,"2022-06-01"
C482397L,"2022-06-14"
C598984L,"2022-06-16"
C159556L,"2022-06-09"
C418081L,"2022-06-03"
C183259L,"2022-06-05"
C528351L,"2022-06-09"
C548952L,"2022-06-02"
C311438L,"2022-06-11"
C466208L,"2022-06-12"
C423666L,"2022-06-23"
C711954L,"2022-06-24"
C577176L,"2022-06-01"
C874037L,"2022-06-11"
C587254L,"2022-06-26"
C886226L,"2022-06-18"
C855607L,"2022-06-01"
C512759L,"2022-06-25"
C854425L,"2022-06-19"
C890087L,"2022-06-10"
C266788L,"2022-06-06"
C974256L,"2022-06-01"
C932834L,"2022-06-01"
C232704L,"2022-06-02"
C867922L,"2022-06-22"
C508405L,"2022-06-20"
C579948L,"2022-06-22"
C679812L,"2022-06-19"
C711453L,"2022-06-03"
C715899L,"2022-06-26"
C249751L,"2022-06-19"
C668516L,"2022-06-11"
C551297L,"2022-06-14"
C575300L,"2022-06-20"
C115342L,"2022-06-17"
C716226L,"2022-06-28"
C626822L,"2022-06-04"
C235587L,"2022-06-28"
C935534L,"2022-06-15"
C366574L,"2022-06-19"
C203175L,"2022-06-14"
C751410L,"2022-06-04"
C531952L,"2022-06-16"
C130909L,"2022-06-05"
C949390L,"2022-06-03"
C802022L,"2022-06-08"
C866259L,"2022-06-04"
C327193L,"2022-06-11"
C791372L,"2022-06-06"
C943785L,"2022-06-24"
C781599L,"2022-06-22"
C614531L,"2022-06-09"
C367884L,"2022-06-12"
C688087L,"2022-06-18"
C517976L,"2022-06-13"
C208711L,"2022-06-14"
C632012L,"2022-06-28"
C115461L,"2022-06-15"
C359192L,"2022-06-20"
C899603L,"2022-06-11"
C913774L,"2022-06-08"
C174328L,"2022-06-03"
C641017L,"2022-06-26"
C411376L,"2022-06-28"
C551986L,"2022-06-04"
C794549L,"2022-06-12"
C775669L,"2022-06-07"
C127207L,"2022-06-25"
C326415L,"2022-06-01"
C833283L,"2022-06-14"
C255099L,"2022-06-10"
C646589L,"2022-06-13"
C836000L,"2022-06-12"
C781591L,"2022-06-12"
C228285L,"2022-06-07"
C967906L,"2022-06-01"
C831192L,"2022-06-18"
C621738L,"2022-06-27"
C265593L,"2022-06-23"
C618204L,"2022-06-20"
C914542L,"2022-06-16"
C295434L,"2022-06-07"
C671684L,"2022-06-04"
C414773L,"2022-06-16"
C867007L,"2022-06-05"
C970697L,"2022-06-26"
C516220L,"2022-06-17"
C749600L,"2022-06-24"
C210337L,"2022-06-26"
C848074L,"2022-06-03"
C775266L,"2022-06-17"
C532480L,"2022-06-03"
C857523L,"2022-07-24"
C158331L,"2022-07-16"
C527600L,"2022-07-19"
C508330L,"2022-07-16"
C954904L,"2022-07-22"
C380765L,"2022-07-21"
C559933L,"2022-07-02"
C675039L,"2022-07-13"
C356931L,"2022-07-04"
C597836L,"2022-07-19"
C976924L,"2022-07-08"
C510154L,"2022-07-17"
C787119L,"2022-07-03"
C822619L,"2022-07-05"
C492939L,"2022-07-19"
C488123L,"2022-07-18"
C308277L,"2022-07-26"
C189144L,"2022-07-01"
C543805L,"2022-07-01"
C749092L,"2022-07-04"
C803978L,"2022-07-14"
C813665L,"2022-07-20"
C534714L,"2022-07-12"
C302826L,"2022-07-20"
C377488L,"2022-07-19"
C995819L,"2022-07-21"
C454810L,"2022-07-07"
C901892L,"2022-07-26"
C987822L,"2022-07-07"
C485142L,"2022-07-10"
C617766L,"2022-07-20"
C339933L,"2022-07-05"
C290251L,"2022-07-16"
C324759L,"2022-07-04"
C275380L,"2022-07-28"
C696066L,"2022-07-17"
C678332L,"2022-07-23"
C446421L,"2022-07-10"
C448709L,"2022-07-05"
C700491L,"2022-07-03"
C782890L,"2022-07-14"
C791059L,"2022-07-08"
C322236L,"2022-07-24"
C375865L,"2022-07-20"
C150235L,"2022-07-17"
C594441L,"2022-07-13"
C480851L,"2022-07-25"
C852181L,"2022-07-12"
C438910L,"2022-07-02"
C846030L,"2022-07-01"
C457096L,"2022-07-04"
C998826L,"2022-07-14"
C776042L,"2022-07-11"
C210771L,"2022-07-04"
C268365L,"2022-07-21"
C515315L,"2022-07-11"
C824977L,"2022-07-11"
C403379L,"2022-07-28"
C916534L,"2022-07-17"
C699058L,"2022-07-20"
C621610L,"2022-07-13"
C203955L,"2022-07-14"
C573426L,"2022-07-07"
C419677L,"2022-07-23"
C517438L,"2022-07-25"
C881371L,"2022-07-12"
C455011L,"2022-07-20"
C893408L,"2022-07-25"
C427924L,"2022-07-04"
C966491L,"2022-07-03"
C710076L,"2022-07-10"
C170700L,"2022-07-19"
C880014L,"2022-07-11"
C927548L,"2022-07-14"
C342990L,"2022-07-06"
C133315L,"2022-07-27"
C574758L,"2022-07-26"
C634136L,"2022-07-16"
C788957L,"2022-07-26"
C674696L,"2022-07-18"
C119869L,"2022-07-03"
C123513L,"2022-07-08"
C238230L,"2022-07-08"
C319814L,"2022-07-07"
C148697L,"2022-07-16"
C560369L,"2022-07-24"
C432990L,"2022-07-19"
C563862L,"2022-07-21"
C873465L,"2022-07-03"
C820267L,"2022-07-05"
C248585L,"2022-07-10"
C527055L,"2022-07-16"
C794312L,"2022-07-25"
C322065L,"2022-07-10"
C398847L,"2022-07-14"
C531871L,"2022-07-03"
C680487L,"2022-07-16"
C242911L,"2022-07-17"
C494548L,"2022-07-15"
C218482L,"2022-07-08"
C718522L,"2022-07-21"
C763658L,"2022-07-18"
C724390L,"2022-07-15"
C854263L,"2022-07-25"
C362779L,"2022-07-07"
C933480L,"2022-07-10"
C240527L,"2022-07-06"
C765760L,"2022-07-16"
C876359L,"2022-07-28"
C413128L,"2022-07-25"
C800800L,"2022-07-17"
C604713L,"2022-07-09"
C818621L,"2022-07-18"
C157094L,"2022-07-10"
C654626L,"2022-07-04"
C148834L,"2022-07-19"
C838592L,"2022-07-04"
C763228L,"2022-07-05"
C201512L,"2022-07-12"
C238651L,"2022-07-11"
C898427L,"2022-07-28"
C570821L,"2022-07-05"
C976390L,"2022-07-10"
C149895L,"2022-07-20"
C208006L,"2022-07-27"
C709590L,"2022-07-11"
C653890L,"2022-07-13"
C350869L,"2022-07-04"
C674489L,"2022-07-06"
C325171L,"2022-07-26"
C354134L,"2022-07-06"
C394285L,"2022-07-07"
C405274L,"2022-07-03"
C924660L,"2022-07-27"
C893893L,"2022-07-20"
C744182L,"2022-07-21"
C888130L,"2022-07-13"
C117901L,"2022-07-10"
C690363L,"2022-07-19"
C501323L,"2022-07-21"
C499767L,"2022-07-18"
C763177L,"2022-07-18"
C625105L,"2022-07-24"
C360501L,"2022-07-10"
C257349L,"2022-07-17"
C910506L,"2022-07-23"
C620483L,"2022-07-18"
C596112L,"2022-07-02"
C701923L,"2022-07-27"
C495308L,"2022-07-28"
C619834L,"2022-07-23"
C975919L,"2022-07-28"
C652751L,"2022-07-19"
C420781L,"2022-07-28"
C363738L,"2022-07-09"
C683241L,"2022-07-11"
C581597L,"2022-07-02"
C406406L,"2022-07-08"
C481492L,"2022-07-15"
C179537L,"2022-07-19"
C969725L,"2022-07-11"
C186002L,"2022-07-25"
C815209L,"2022-07-16"
C732517L,"2022-07-22"
C613878L,"2022-07-20"
C615032L,"2022-07-27"
C201138L,"2022-07-21"
C301035L,"2022-07-21"
C220203L,"2022-07-08"
C478438L,"2022-07-27"
C499302L,"2022-07-13"
C892839L,"2022-07-07"
C299981L,"2022-07-03"
C910919L,"2022-07-21"
C417245L,"2022-07-26"
C225403L,"2022-07-19"
C773013L,"2022-07-06"
C430127L,"2022-07-03"
C887176L,"2022-07-05"
C216058L,"2022-07-24"
C998847L,"2022-07-03"
C663429L,"2022-07-20"
C256400L,"2022-07-06"
C702427L,"2022-07-01"
C807679L,"2022-07-20"
C348449L,"2022-07-07"
C385750L,"2022-07-08"
C295679L,"2022-07-23"
C678059L,"2022-07-04"
C724228L,"2022-07-19"
C681808L,"2022-07-24"
C523551L,"2022-07-12"
C500989L,"2022-07-02"
C665419L,"2022-07-06"
C278051L,"2022-07-18"
C498022L,"2022-07-24"
C421020L,"2022-07-07"
C414907L,"2022-07-26"
C195614L,"2022-07-18"
C761708L,"2022-07-19"
C731348L,"2022-07-10"
C606338L,"2022-07-01"
C305250L,"2022-07-01"
C336822L,"2022-08-04"
C338431L,"2022-08-21"
C780258L,"2022-08-12"
C711147L,"2022-08-28"
C987678L,"2022-08-20"
C650808L,"2022-08-09"
C507691L,"2022-08-22"
C773779L,"2022-08-02"
C593068L,"2022-08-21"
C466867L,"2022-08-28"
C831157L,"2022-08-14"
C771189L,"2022-08-22"
C886643L,"2022-08-19"
C325659L,"2022-08-15"
C111795L,"2022-08-06"
C117258L,"2022-08-01"
C565012L,"2022-08-03"
C517688L,"2022-08-24"
C357173L,"2022-08-01"
C107850L,"2022-08-03"
C637564L,"2022-08-11"
C414142L,"2022-08-09"
C533914L,"2022-08-07"
C752594L,"2022-08-22"
C285749L,"2022-08-23"
C193600L,"2022-08-09"
C862888L,"2022-08-19"
C780754L,"2022-08-25"
C975490L,"2022-08-02"
C514998L,"2022-08-06"
C815278L,"2022-08-28"
C638447L,"2022-08-04"
C217246L,"2022-08-04"
C987729L,"2022-08-09"
C670306L,"2022-08-10"
C788348L,"2022-08-25"
C430651L,"2022-08-10"
C741725L,"2022-08-25"
C927175L,"2022-08-13"
C690627L,"2022-08-16"
C478613L,"2022-08-01"
C202398L,"2022-08-18"
C347731L,"2022-08-05"
C872183L,"2022-08-22"
C887896L,"2022-08-20"
C134052L,"2022-08-13"
C441685L,"2022-08-22"
C253957L,"2022-08-24"
C418738L,"2022-08-24"
C950260L,"2022-08-24"
C266766L,"2022-08-14"
C668740L,"2022-08-18"
C358631L,"2022-08-21"
C560023L,"2022-08-10"
C717559L,"2022-08-16"
C118321L,"2022-08-11"
C442477L,"2022-08-11"
C312751L,"2022-08-16"
C240610L,"2022-08-24"
C983543L,"2022-08-21"
C782569L,"2022-08-10"
C383266L,"2022-08-13"
C517907L,"2022-08-15"
C738812L,"2022-08-22"
C877563L,"2022-08-24"
C179670L,"2022-08-17"
C287698L,"2022-08-23"
C297051L,"2022-08-28"
C623835L,"2022-08-16"
C130483L,"2022-08-25"
C527720L,"2022-08-04"
C239518L,"2022-08-14"
C949560L,"2022-08-02"
C693637L,"2022-08-07"
C370700L,"2022-08-04"
C110122L,"2022-08-14"
C816599L,"2022-08-18"
C656580L,"2022-08-15"
C943127L,"2022-08-12"
C925840L,"2022-08-28"
C930543L,"2022-08-21"
